Lindsey,Craft,1976-05-20,1828450843,LindseyweCraft2,headphoneswhen21@everyma1l.co.uk,visions,visions
Madison,Macias,1965-09-09,9146009149,MadisonmyMacias65,jmayo@hotma1l.us,library,library
Raymond,Sloan,1965-11-29,7407842397,RaymondISloan55,toweb@ma1lbox.co.uk,visions,visions
Rocky,Kirkland,1983-12-21,9453313749,RockyIKirkland70,kcarr5@b1zmail.com,something,something
Katelyn,Ellis,1977-01-12,3956341842,KatelynonEllis9,secretlydied@b1zmail.us,something,something
Bruce,Byers,1964-12-05,9163944393,BruceweByers3,ghostlist45@ma1l2u.biz,wicket,wicket
Juanita,Brewer,1961-12-13,3370126393,JuanitasoBrewer8,ghahn@hotma1l.org,secretly,secretly
Doris,Snider,1972-11-05,6489413615,DorisofSnider88,tcotton45@yah00.co.uk,something,something
Katrina,Sherman,1979-07-01,1797615931,KatrinaaSherman4,discoveredlist82@gma1l.org,wicket,wicket
Ethan,Blevins,1962-08-24,2243988946,EthanIBlevins89,rkinney@hotma1l.net,sacrifice,sacrifice
Bobby,Casey,1962-03-07,3748581196,BobbyaCasey92,movedworld0@somema1l.net,captain,captain
Jean,Pugh,1979-04-29,3024502736,JeanitPugh4,pspears@ma1lbox.org,interest,interest
Daniel,Stanton,1960-02-23,5789493352,DanielinStanton7,sitsmy33@ma1lbox.com,sacrifice,sacrifice
Christian,Marquez,1978-10-26,6356921222,ChristianisMarquez78,amay@everyma1l.org,ending,ending
Jessie,Cortez,1962-09-20,6667568962,JessieasCortez70,bpacheco@ma1lbox.com,wicket,wicket
Eva,Everett,1978-11-24,9149945283,EvaIEverett3,msantana54@yah00.us,library,library
Marty,Dominguez,1959-05-17,8152490743,MartyinDominguez1,kalbert@b1zmail.com,magnetic,magnetic
Sherry,Owen,1968-02-14,2591328129,SherryweOwen7,ftran@yah00.co.uk,computer,computer
Helen,Mills,1971-10-18,4204188467,HelenweMills33,wcooper41@everyma1l.net,rabbit,rabbit
Austin,Macias,1969-05-04,2057645705,AustinIMacias84,jwilson@b1zmail.biz,rescue,rescue
Theresa,Tucker,1973-05-06,5698801397,TheresaaTucker7,coldis@somema1l.us,monster,monster
Sara,Bradley,1974-03-19,9380780353,SaraIBradley9,ddaniels@b1zmail.org,computer,computer
Marion,Atkins,1977-01-31,861962423,MarionaAtkins29,sgaines@gma1l.com,computer,computer
Charlie,Woodward,1984-02-15,9989081560,CharlieIWoodward52,probablymagnetic@gma1l.us,visions,visions
Jeffrey,Ewing,1959-12-26,2799526792,JeffreyofEwing77,computera@b1zmail.net,secretly,secretly
Melissa,Ruiz,1984-04-14,13882365,MelissasoRuiz3,cavesasked@gma1l.co.uk,computer,computer
Beth,Holcomb,1982-10-17,7626528102,BethorHolcomb3,dmeadows@ma1lbox.org,rescue,rescue
Faith,Sosa,1979-10-30,8935337286,FaithofSosa6,secretlylibrary@somema1l.us,secretly,secretly
Clarence,Molina,1964-10-17,702205855,ClarencetoMolina7,numbershave@yah00.org,magnetic,magnetic
Anita,Hammond,1973-10-31,7894938020,AnitaonHammond92,dlevine@gma1l.org,through,through
Carmen,Lancaster,1965-01-16,6174902699,CarmenaLancaster36,roomis66@yah00.us,monster,monster
Brian,Graham,1982-12-15,2853043430,BrianIGraham23,roomwarp86@gma1l.co.uk,captain,captain
Tasha,Rios,1972-11-08,1005504539,TashainRios97,lrivers@somema1l.com,sacrifice,sacrifice
Jean,Nelson,1976-12-27,9470002975,JeannoNelson6,jhuff9@ma1lbox.net,island,island
Audrey,Casey,1962-09-05,6030224546,AudreyweCasey1,evaughan@ma1l2u.co.uk,rescue,rescue
Darrell,Arnold,1963-12-09,5701748170,DarrellofArnold38,rescueshow20@hotma1l.org,captain,captain
Walter,Bender,1977-12-30,4785453946,WalterIBender21,manygood@yah00.co.uk,assert,assert
Mitchell,Hines,1973-01-31,4282608920,MitchellIHines71,onhave@ma1lbox.biz,assert,assert
Bob,Macdonald,1957-11-11,8418351344,BobaMacdonald4,shebert35@yah00.biz,secretly,secretly
Dixie,Tanner,1980-03-05,1726027697,DixieofTanner82,rescuewhat@ma1l2u.com,interest,interest
Shannon,Baird,1983-12-08,5489805800,ShannonaBaird56,treeslock@b1zmail.biz,rabbit,rabbit
Sher,Glenn,1981-10-22,6516597519,ShersoGlenn00,orare@yah00.org,sacrifice,sacrifice
Matthew,Carroll,1979-06-20,4053854346,MatthewweCarroll0,dball@gma1l.biz,visions,visions
Mason,Cross,1967-07-10,8166966755,MasonICross1,dphillips@ma1lbox.net,sacrifice,sacrifice
Marty,Craft,1972-10-13,7197708220,MartytoCraft36,rescueto67@ma1lbox.co.uk,captain,captain
Grace,Jones,1957-08-03,6827404756,GraceIJones01,dhenderson@ma1lbox.com,rescue,rescue
Brandy,Hensley,1960-07-19,4901009807,BrandytoHensley05,pullare@hotma1l.co.uk,others,others
Clint,Lindsey,1971-04-26,4234228399,ClintaLindsey86,kcarter@gma1l.org,trying,trying
Tracie,Goff,1971-04-07,7820217972,TracieonGoff20,monsterdo96@hotma1l.com,computer,computer
Charlotte,Baker,1967-07-24,37720835,CharlotteweBaker64,fmcdaniel@yah00.com,visions,visions
Patrick,Rice,1966-07-19,1663352395,PatrickaRice2,mballard69@everyma1l.co.uk,should,should
Shanna,Craig,1971-04-09,2630611267,ShannaofCraig15,elseshould@ma1lbox.net,something,something
Shane,Schneider,1960-12-24,8953675301,ShaneofSchneider82,shampton@b1zmail.net,library,library
Steve,Reed,1958-02-09,5016490876,SteveIReed5,jmorales@somema1l.org,ending,ending
Brandon,Salinas,1978-12-26,4995808444,BrandonaSalinas20,mfields@b1zmail.biz,captain,captain
Carrie,Lee,1960-09-09,678707790,CarrieaLee8,amejia@gma1l.biz,ending,ending
Derrick,Parsons,1960-11-26,6457209907,DerrickaParsons2,kmiddleton52@b1zmail.co.uk,sacrifice,sacrifice
Holly,Torres,1960-05-01,9455758966,HollyofTorres62,theywas22@ma1l2u.co.uk,something,something
Dylan,Henderson,1960-02-23,8460258570,DylanweHenderson28,holdelse@yah00.org,visions,visions
Deanna,Ray,1965-01-15,8755332784,DeannaIRay05,waitedcaptain@ma1lbox.co.uk,interest,interest
Elizabeth,Carter,1968-01-25,7716962974,ElizabethorCarter76,cjoyner59@hotma1l.biz,through,through
Lloyd,Sawyer,1957-06-08,3219624615,LloydISawyer1,totook81@ma1l2u.us,assert,assert
Josh,Savage,1962-05-27,4924549349,JoshaSavage5,numberssuspense@hotma1l.us,window,window
Hannah,Avila,1969-09-11,8787400568,HannahaAvila7,throughdiscovered@ma1lbox.biz,rabbit,rabbit
Danny,Dorsey,1959-07-05,3470659705,DannydoDorsey0,movedhandled@somema1l.biz,rabbit,rabbit
Bruce,Paul,1959-02-20,8917234141,BruceIPaul2,bwinters@ma1lbox.net,something,something
Sally,Tucker,1982-10-03,6712274352,SallyaTucker66,mmcfadden@yah00.net,computer,computer
Robbie,Rich,1959-11-08,3012065285,RobbieIRich56,nknight@everyma1l.co.uk,secretly,secretly
Johnathan,Barr,1971-07-16,5040742811,JohnathantoBarr7,sofabuild97@yah00.us,always,always
Leah,Warren,1976-11-06,8716478098,LeahtoWarren49,computeruntil@ma1l2u.us,sacrifice,sacrifice
Vicki,Blake,1958-11-24,1501725789,VickiofBlake7,gknox@hotma1l.com,through,through
Julia,Cooper,1983-09-22,3018965893,JuliaonCooper61,itcame@ma1lbox.net,library,library
Heather,Thompson,1960-07-06,7108457814,HeatherIThompson73,cperry@yah00.com,library,library
Joe,Park,1976-02-16,275710797,JoeaPark52,ahodges@yah00.net,magnetic,magnetic
Kristina,Parrish,1969-02-26,6305542937,KristinaaParrish06,ssilva@yah00.net,rescue,rescue
Brady,McIntyre,1960-11-05,8298413002,BradyisMcIntyre95,nvelasquez@hotma1l.co.uk,trying,trying
Billy,Stanton,1966-06-11,8782504472,BillyinStanton8,endthis@yah00.net,sidekick,sidekick
Clifford,Bridges,1960-02-27,8894298047,CliffordIBridges28,constantlywhite@ma1l2u.co.uk,secretly,secretly
Diana,Donovan,1984-09-21,124702324,DianaIDonovan30,cbenjamin@somema1l.com,rabbit,rabbit
Taylor,Knowles,1959-10-27,9342323733,TaylorinKnowles5,sidekickto@b1zmail.co.uk,secretly,secretly
Brandy,David,1960-06-16,9444397920,BrandyIDavid1,lroberts@b1zmail.org,captain,captain
Marty,Hall,1958-01-15,5151065086,MartyaHall30,ofthey@somema1l.us,sacrifice,sacrifice
Michael,Montgomery,1982-11-30,4076744298,MichaeltoMontgomery7,worldmuch@yah00.biz,ending,ending
Courtney,Elliott,1979-11-08,7515250809,CourtneyIElliott66,akemp@ma1l2u.com,ending,ending
Brittany,Hyde,1980-04-14,3355448397,BrittanymyHyde52,cameend@ma1l2u.com,visions,visions
Tammy,Zimmerman,1981-12-10,2701980816,TammyinZimmerman7,sshaw@yah00.com,visions,visions
Nathan,Fry,1982-01-07,4883074231,NathanIFry0,movedending@everyma1l.biz,visions,visions
Ronda,Glass,1965-01-12,4966717085,RondatoGlass9,crobertson10@yah00.org,visions,visions
Isaac,Ewing,1975-11-23,6813107384,IsaacIEwing0,badlyor maybe4@hotma1l.org,library,library
Shirley,Edwards,1959-02-22,6548719637,ShirleyIEdwards3,fireman@hotma1l.net,secretly,secretly
Douglas,McConnell,1962-07-28,1417483362,DouglasIMcConnell02,smokeout@ma1l2u.co.uk,library,library
Megan,Blankenship,1956-07-20,1775691047,MeganaBlankenship2,lrosa68@gma1l.com,should,should
Helen,Berry,1980-04-12,7764171611,HelenaBerry5,nfox@yah00.biz,library,library
Rocky,Kramer,1966-02-04,8659602204,RockyitKramer26,mburch18@somema1l.co.uk,library,library
Clint,Pruitt,1981-08-15,2275038253,ClintaPruitt5,redroom@b1zmail.us,assert,assert
Melanie,Valenzuela,1963-02-05,8344965513,MelanieinValenzuela9,whenfire30@everyma1l.net,rabbit,rabbit
Bill,Rivera,1974-01-13,2248150650,BilltoRivera6,mmckinney@gma1l.org,rabbit,rabbit
Scott,Garner,1980-03-01,3237122817,ScotttoGarner0,monsterassert32@hotma1l.biz,secretly,secretly
Tina,Shelton,1977-05-28,6663902157,TinaisShelton1,crashhatch88@hotma1l.co.uk,island,island
Sara,Holden,1963-06-13,6525102036,SarainHolden78,rwitt@b1zmail.com,monster,monster
Katrina,Stanton,1971-11-07,3584390176,KatrinaIStanton0,orto@gma1l.org,window,window
Gina,Singleton,1971-12-31,4587825268,GinaweSingleton35,speedcame75@everyma1l.org,numbers,numbers
Brooke,Clarke,1977-08-03,58863853,BrookeIClarke2,hidshepherd@somema1l.net,sacrifice,sacrifice
Martin,Hall,1962-12-22,6262104046,MartinitHall1,csilva@everyma1l.biz,generated,generated
Miranda,McDonald,1979-07-27,6187546726,MirandaIMcDonald6,mvinson@everyma1l.com,through,through
Kendra,Ballard,1957-07-05,2919165545,KendraaBallard1,sitskeys40@gma1l.com,library,library
Aaron,Obrien,1970-05-19,9378938212,AaroninObrien33,dpowers@hotma1l.com,captain,captain
Bryan,Murray,1958-02-27,8560964442,BryaninMurray42,mblackwell@gma1l.net,island,island
Casey,Collins,1959-03-16,5429723603,CaseyICollins8,ofdo@gma1l.biz,should,should
Alice,Weaver,1974-02-24,9976876631,AlicemyWeaver69,itinterest@ma1lbox.co.uk,computer,computer
Monica,Briggs,1964-03-06,4058125101,MonicaaBriggs58,mvalenzuela@ma1lbox.com,others,others
Stephen,Huff,1963-03-29,2631310550,StephentoHuff35,dreamssidekick@yah00.biz,generated,generated
Tony,Sullivan,1964-04-04,4604407221,TonyISullivan45,tolight@gma1l.co.uk,library,library
Ashley,Good,1974-02-20,7964049414,AshleyaGood5,magneticof31@somema1l.us,something,something
Beverly,Dickerson,1968-12-14,6767515954,BeverlyaDickerson7,automaticallyenter@gma1l.co.uk,sidekick,sidekick
Dorothy,Guerra,1977-04-16,417062475,DorothyaGuerra9,daysroom@ma1lbox.co.uk,sacrifice,sacrifice
Jenny,Larson,1974-04-16,8604962556,JennytoLarson0,shuff@b1zmail.org,sacrifice,sacrifice
Alicia,Wiley,1983-11-13,3113930582,AliciaweWiley72,dadhandled@gma1l.com,library,library
Alisha,Mendez,1974-07-14,157673403,AlishaaMendez5,listthis@yah00.biz,trying,trying
Terri,Sanford,1982-08-22,9340756890,TerridoSanford63,kpena@b1zmail.org,visions,visions
Robbie,Martin,1982-03-02,4479508466,RobbieinMartin9,swyatt42@gma1l.co.uk,sacrifice,sacrifice
Mike,Gillespie,1973-09-13,1131376971,MikeIGillespie24,rnielsen32@b1zmail.org,sacrifice,sacrifice
Dixie,Little,1968-04-04,3344123333,DixieofLittle2,ofroom@ma1lbox.biz,assert,assert
Christoph,Robinson,1974-02-06,880738130,ChristophaRobinson94,mneal@ma1l2u.co.uk,something,something
Mike,Kirkland,1981-02-15,8490028937,MikeIKirkland5,jreyes78@everyma1l.com,computer,computer
Donnie,Casey,1970-09-09,2806592936,DonnieaCasey6,psimmons@hotma1l.org,assert,assert
Ian,Mays,1962-06-30,3908747447,IanIMays45,hbender41@yah00.co.uk,secretly,secretly
Melanie,Mills,1982-02-26,9689463256,MelanieinMills2,bcallahan@ma1lbox.us,sacrifice,sacrifice
Sandra,Workman,1975-06-27,574984068,SandratoWorkman48,cchapman@ma1l2u.biz,something,something
Tim,Walters,1973-09-29,1420853979,TimonWalters7,it'sspeed68@hotma1l.biz,something,something
Joyce,Lloyd,1961-06-01,3301241883,JoyceILloyd93,computeruntil74@somema1l.co.uk,probably,probably
Clint,Armstrong,1977-03-06,8312100232,ClintIArmstrong64,ptanner44@everyma1l.org,visions,visions
Brooke,Wilder,1968-02-22,4013994003,BrookenoWilder43,cbridges@somema1l.biz,visions,visions
Jordan,Douglas,1962-03-11,517182565,JordanitDouglas1,gcortez@b1zmail.org,secretly,secretly
Isaac,Frye,1975-08-16,7947407627,IsaacisFrye6,asothers3@gma1l.biz,sacrifice,sacrifice
Gregory,Simpson,1961-09-24,1918420044,GregoryinSimpson05,domagnetic@everyma1l.org,computer,computer
Holly,Stanley,1957-10-16,205828976,HollyofStanley30,abenjamin@hotma1l.com,sacrifice,sacrifice
Jackie,Morris,1963-08-05,7236871824,JackieasMorris18,towindow@yah00.us,assert,assert
Francis,Branch,1957-02-20,902126146,FrancisaBranch3,somethingwe@gma1l.net,monster,monster
Eddie,Fitzpatrick,1963-03-12,4557298447,EddieaFitzpatrick57,ccampos@ma1l2u.us,library,library
George,Ruiz,1984-02-27,5934903819,GeorgeaRuiz9,lmendez@ma1lbox.com,something,something
Isaac,Cote,1982-01-15,8097459885,IsaacinCote19,caveswhere@somema1l.us,computer,computer
Bobby,Mullen,1969-10-15,9189018740,BobbyIMullen5,jkent@b1zmail.biz,computer,computer
Lindsay,Whitney,1979-04-14,3606640235,LindsayIWhitney8,hfowler@somema1l.com,captain,captain
Mason,Juarez,1982-06-07,6364805928,MasonorJuarez2,camemonster35@b1zmail.net,secretly,secretly
Lisa,Conner,1962-08-15,1315673114,LisaIConner8,ksilva@yah00.net,visions,visions
Dillon,Knight,1983-06-27,8029015008,DillonIKnight61,discoveredpull73@somema1l.org,something,something
William,Vance,1957-04-16,9612967817,WilliamaVance20,wlloyd60@ma1l2u.org,island,island
Stanley,Palmer,1963-11-25,1015012994,StanleyaPalmer63,jwoods@b1zmail.co.uk,something,something
Margaret,Terrell,1982-08-26,29157375,MargaretaTerrell9,dowhen@gma1l.us,library,library
Kevin,Oliver,1963-05-28,5573943742,KevinaOliver88,lmorse@hotma1l.us,sacrifice,sacrifice
Lisa,Wiley,1967-03-26,2797435394,LisaweWiley12,msmall@everyma1l.us,computer,computer
Sara,Stout,1955-02-23,3723678985,SaraaStout14,whatending45@gma1l.co.uk,interest,interest
Steven,Bruce,1970-06-06,6368107688,StevenIBruce82,ptyler@hotma1l.com,sacrifice,sacrifice
Robbie,Wilder,1972-06-30,3800294990,RobbieIWilder98,listplane@yah00.co.uk,sacrifice,sacrifice
Levi,Hamilton,1956-06-13,1066547396,LeviofHamilton61,lglass@everyma1l.biz,shepherd,shepherd
Valerie,Nunez,1980-05-29,8854952765,ValerieINunez25,kgrimes@ma1l2u.co.uk,sacrifice,sacrifice
Eric,Madden,1956-06-15,3298516232,EricofMadden7,showtext@yah00.net,always,always
Vicki,Nicholson,1975-11-05,7872121190,VickidoNicholson31,orfire7@hotma1l.net,rescue,rescue
Jimmy,Perry,1974-04-18,4577709662,JimmyIPerry12,vmay@hotma1l.com,something,something
Dixie,Orr,1984-02-03,8883753330,DixieIOrr46,withship@everyma1l.net,captain,captain
Connie,Castro,1978-12-02,3440598688,ConnieaCastro49,amullen@ma1l2u.biz,sacrifice,sacrifice
Cody,Calhoun,1976-07-27,7218164776,CodytoCalhoun18,willin@gma1l.biz,assert,assert
Randy,Horne,1977-11-18,5711200204,RandyitHorne36,kdotson84@ma1lbox.org,library,library
Abby,Giles,1962-11-03,9885000058,AbbyaGiles2,booksof@yah00.com,interest,interest
Kristen,Sherman,1964-04-30,339076340,KristenofSherman9,jhood@gma1l.com,library,library
Kris,Lee,1962-04-14,9442972323,KrisdoLee3,wasit44@ma1lbox.org,secretly,secretly
Lee,Sanchez,1959-12-18,6337580220,LeeweSanchez55,dhayden18@yah00.us,computer,computer
Phyllis,Wallace,1981-11-08,2684685484,PhyllistoWallace83,jware@gma1l.co.uk,rabbit,rabbit
Scott,Pearson,1967-03-12,7217839498,ScottisPearson20,movedweb@yah00.biz,demanded,demanded
Wayne,Durham,1981-06-18,4666919909,WayneisDurham7,wrongwrite@hotma1l.biz,visions,visions
Melissa,Barnes,1976-06-15,98833754,MelissaIBarnes77,buildfrom@yah00.com,island,island
Jodi,Bell,1961-12-31,137387978,JodiaBell61,mashley@ma1lbox.us,numbers,numbers
Pam,Boyle,1959-08-19,2949516427,PamweBoyle70,dlindsay76@somema1l.biz,should,should
Rhonda,Dudley,1958-05-12,4467080195,RhondasoDudley14,emoody@gma1l.biz,assert,assert
Sierra,Pope,1976-04-12,4028767665,SierraaPope75,hotdo@ma1lbox.org,secretly,secretly
Sierra,Barber,1956-05-04,2836205149,SierraIBarber03,kclay57@hotma1l.org,computer,computer
Shaun,Dickinson,1974-02-18,4731229798,ShauntoDickinson5,rblake@ma1l2u.org,should,should
Shawna,Barry,1980-10-18,7128049625,ShawnaaBarry3,endisland@somema1l.biz,should,should
Theresa,Harrington,1976-03-04,5510497992,TheresainHarrington7,gstevens@ma1l2u.co.uk,through,through
Martin,Conway,1963-04-30,7080359624,MartinorConway5,computerprobably@ma1l2u.com,monster,monster
Terry,Beck,1975-05-26,2600451469,TerryweBeck59,indiscovered@everyma1l.com,secretly,secretly
Mindy,Swanson,1970-04-20,2033203739,MindyISwanson44,it'splane@gma1l.biz,ending,ending
Stephen,Davis,1956-11-29,9620562750,StepheninDavis99,havehatch@ma1l2u.com,sacrifice,sacrifice
Monica,Foley,1975-05-04,282816537,MonicaaFoley34,lhill@gma1l.com,rabbit,rabbit
Madison,Best,1971-06-21,6789590945,MadisontoBest6,idays@somema1l.co.uk,library,library
Lance,Sweet,1979-07-08,2308855550,LanceaSweet06,ewilkins53@ma1l2u.com,sacrifice,sacrifice
Rusty,Padilla,1971-01-13,3758485707,RustyIPadilla79,wantis@yah00.us,sacrifice,sacrifice
Roy,Burke,1963-12-28,4231015231,RoytoBurke61,byates@hotma1l.net,should,should
Kristina,Hess,1982-10-07,7425545666,KristinaofHess20,throughof@somema1l.net,assert,assert
Joyce,Barlow,1960-11-25,7068103225,JoyceaBarlow99,enterball32@yah00.org,computer,computer
Richard,Webb,1965-04-24,6724587203,RichardaWebb3,endingsacrifice@ma1lbox.us,sacrifice,sacrifice
Don,Douglas,1969-08-26,8285764447,DonisDouglas05,dlloyd@yah00.us,sacrifice,sacrifice
Shannon,Clay,1959-03-15,3136904024,ShannonIClay8,sofato@everyma1l.com,monster,monster
Brandi,English,1983-01-02,4066145645,BrandiIEnglish2,listor@ma1l2u.co.uk,library,library
Christy,Gilbert,1956-10-02,1732975892,ChristyofGilbert8,aburt@somema1l.biz,something,something
Trent,Navarro,1955-12-15,3894928642,TrentINavarro08,tchen@somema1l.us,assert,assert
Paul,Ellison,1967-01-27,5245894710,PaulweEllison6,camekeys99@ma1l2u.co.uk,assert,assert
Billy,Norton,1982-09-23,2319848457,BillyINorton7,warpor maybe@hotma1l.biz,visions,visions
Vincent,Logan,1957-01-09,3069911820,VincentinLogan3,csilva@hotma1l.org,sacrifice,sacrifice
Kristen,Clarke,1984-06-19,4814532,KristentoClarke7,rmccall@somema1l.co.uk,secretly,secretly
Kenny,Santana,1960-10-20,2746764965,KennydoSantana34,tboyle@everyma1l.net,should,should
Robert,Nielsen,1979-06-08,6898199428,RobertINielsen0,bolsen@b1zmail.com,computer,computer
Virginia,Vazquez,1973-01-04,6809473926,VirginiaIVazquez6,pfrost@yah00.net,sacrifice,sacrifice
Olivia,Rose,1967-02-05,9191419532,OliviaofRose01,moliver@yah00.net,rescue,rescue
Miranda,Maynard,1970-01-29,9756910003,MirandaaMaynard6,inhave@gma1l.net,secretly,secretly
Greg,Davis,1965-04-23,9970336217,GregIDavis72,mmullins@b1zmail.net,sacrifice,sacrifice
Jenna,Combs,1982-04-29,4384071289,JennainCombs84,aowen@yah00.us,something,something
Jared,Tanner,1963-05-31,6383110117,JaredsoTanner8,dmann@gma1l.us,visions,visions
Jason,Stephens,1966-06-07,745982661,JasonsoStephens74,foundbooks@b1zmail.co.uk,secretly,secretly
Walter,Landry,1968-10-27,1098883313,WalterILandry7,jrowland@gma1l.us,something,something
Harry,Bennett,1961-11-25,8458818540,HarryaBennett07,throwfound20@gma1l.net,visions,visions
Nicole,Pugh,1984-09-05,7952814941,NicoleofPugh26,nhaley@gma1l.co.uk,island,island
Victor,Bass,1983-01-15,7597001206,VictordoBass30,findill@ma1lbox.us,visions,visions
Hannah,Stark,1967-08-16,587428604,HannahtoStark6,headphonesthrough@yah00.us,visions,visions
Rachael,Chan,1978-03-20,8700750826,RachaeltoChan51,shepherdrescue@everyma1l.com,sacrifice,sacrifice
David,Mack,1963-05-14,4075913688,DavidinMack66,ssnyder@ma1l2u.co.uk,library,library
Shawna,Fleming,1979-01-08,8239523063,ShawnatoFleming2,throughwrong48@somema1l.biz,assert,assert
Cheyenne,McCormick,1978-05-23,8923584974,CheyenneasMcCormick56,hotis@b1zmail.co.uk,trying,trying
Tom,Bridges,1965-09-03,5661584815,TomIBridges94,fireso@everyma1l.net,library,library
Aaron,Rojas,1968-08-06,3474043968,AaronIRojas5,it'sin17@everyma1l.co.uk,sacrifice,sacrifice
Douglas,Best,1983-06-16,5305435313,DouglastoBest3,redout@b1zmail.biz,secretly,secretly
Sierra,Owen,1973-06-12,7028656668,SierratoOwen64,sgoodman@everyma1l.org,through,through
Audrey,Baker,1967-03-24,1443247431,AudreyinBaker33,discoveredtrees61@b1zmail.net,computer,computer
Beth,Ray,1968-03-23,7621576687,BethsoRay78,headphonesends@ma1lbox.org,assert,assert
Margaret,Eaton,1975-11-27,7852093841,MargaretaEaton9,gfischer@yah00.org,computer,computer
Rebecca,Oconnor,1976-12-18,305333601,RebeccaasOconnor43,whatwhat@b1zmail.org,something,something
Charlie,Randall,1981-06-20,4085745144,CharlieIRandall15,bkinney@b1zmail.co.uk,should,should
Billy,Young,1955-03-26,2831837114,BillyisYoung6,cgaines@hotma1l.net,computer,computer
Rocky,Banks,1982-04-09,6401656573,RockyIBanks79,holdis@everyma1l.org,generated,generated
Dave,Rivera,1972-01-24,3447745623,DaveaRivera81,hsnider@hotma1l.us,visions,visions
Gage,Dickerson,1965-01-15,9319614693,GageIDickerson22,cmorgan28@gma1l.com,sacrifice,sacrifice
Austin,Hines,1971-06-18,8571487834,AustinaHines26,whitesits@yah00.org,visions,visions
Elaine,Ross,1969-11-09,1567504451,ElaineIRoss1,ballare@gma1l.org,demanded,demanded
Kristina,Banks,1955-05-28,5967532316,KristinaorBanks56,peoplewindow@everyma1l.org,trying,trying
Bobby,Melton,1967-09-02,1970741302,BobbyaMelton67,monsterhot@somema1l.biz,visions,visions
Aaron,Robinson,1984-07-30,4494031360,AaronIRobinson1,hotwhat@ma1lbox.net,computer,computer
Anita,Combs,1957-11-16,7006819870,AnitaICombs5,lhull28@hotma1l.net,secretly,secretly
Anthony,Estrada,1978-09-24,346950795,AnthonyaEstrada6,sjensen@yah00.us,computer,computer
Curtis,Roberson,1979-12-02,6735776657,CurtisonRoberson72,dadtrees@b1zmail.com,computer,computer
Carmen,Bond,1962-04-14,3980773711,CarmenweBond8,camecold@hotma1l.org,probably,probably
Louis,Galloway,1979-03-05,986303938,LouistoGalloway5,dwhite59@everyma1l.us,library,library
David,Stevenson,1965-08-06,9155416653,DavidofStevenson15,msteele@gma1l.co.uk,through,through
Breanna,Hoover,1974-09-29,1741118294,BreannaIHoover42,toto@everyma1l.co.uk,should,should
Blake,Harper,1967-03-29,3368969196,BlakeitHarper38,whatin@ma1lbox.org,generated,generated
Ronda,Jacobson,1963-11-27,545594385,RondaaJacobson00,tjensen66@everyma1l.net,library,library
Cynthia,Rosales,1979-08-12,886190122,CynthiaaRosales5,icomputer@gma1l.us,library,library
Tracy,Zamora,1955-09-14,4104348379,TracyIZamora5,askedof@somema1l.org,something,something
Tracey,Macdonald,1972-08-12,5627643696,TraceydoMacdonald78,coldout@ma1l2u.biz,visions,visions
Nicole,Hill,1967-04-29,3661705298,NicoletoHill31,computerlist@everyma1l.us,secretly,secretly
Jane,Young,1982-06-03,6607621702,JaneisYoung71,badlyworn22@gma1l.com,sacrifice,sacrifice
Jade,Martinez,1975-11-27,4436958443,JadeaMartinez57,aboutwith@gma1l.net,something,something
George,Rios,1962-01-23,7420571423,GeorgeinRios51,numberscaptain@somema1l.com,island,island
Jasmine,Petersen,1968-03-09,1627224403,JasmineIPetersen9,krosa55@yah00.biz,sacrifice,sacrifice
Teresa,Stephenson,1967-10-09,9141929863,TeresaasStephenson16,ethompson15@yah00.net,library,library
Rodney,O'neil,1969-01-11,9145299557,RodneysoO'neil52,mydo@ma1lbox.com,should,should
Jason,Marsh,1959-01-30,1049021954,JasonaMarsh4,outhat@somema1l.org,something,something
Shawn,Travis,1964-12-04,7231971139,ShawnITravis23,nmatthews@b1zmail.org,assert,assert
Joshua,McMahon,1980-08-20,8894594967,JoshuaofMcMahon1,listwindow@gma1l.biz,island,island
Michael,Herman,1956-01-16,9007462922,MichaelIHerman2,gcraig@everyma1l.co.uk,sacrifice,sacrifice
Alicia,Richard,1960-05-02,6023152704,AliciasoRichard2,wantin@somema1l.net,island,island
Eva,Valencia,1978-07-31,8946138496,EvaIValencia71,islandtrees28@gma1l.org,generated,generated
Edward,Marquez,1974-03-23,19151001,EdwarddoMarquez3,camewindow@everyma1l.biz,computer,computer
Jeremiah,Carpenter,1955-05-06,1214810976,JeremiahaCarpenter95,peoplewhite@everyma1l.org,rabbit,rabbit
Edward,Porter,1972-10-31,4090182757,EdwardIPorter5,lmoran@ma1lbox.us,should,should
Eddie,Pickett,1983-10-04,6808157548,EddieaPickett2,dsweeney@b1zmail.biz,visions,visions
Melissa,Snider,1967-01-28,357282597,MelissaisSnider2,cameabout@somema1l.org,magnetic,magnetic
Theresa,Ware,1963-01-18,4241448340,TheresaIWare77,sofahot@b1zmail.biz,assert,assert
Gregory,Cole,1973-03-30,3012860205,GregoryaCole40,jmay@somema1l.org,sacrifice,sacrifice
Lloyd,Rodriguez,1979-11-30,5548677726,LloydweRodriguez68,discoveredfound@hotma1l.org,computer,computer
Roy,Burton,1979-04-20,3543634534,RoyofBurton5,hidenter63@yah00.us,library,library
Chad,Velez,1977-04-09,4687358230,ChadsoVelez4,mnieves@everyma1l.biz,sacrifice,sacrifice
Alex,Vasquez,1973-08-19,3551938045,AlexIVasquez4,inending@ma1l2u.co.uk,something,something
Levi,Stephens,1963-09-12,9358414505,LeviofStephens80,cvelazquez@ma1lbox.biz,sacrifice,sacrifice
Charlie,Gonzales,1977-07-07,3140378015,CharlieaGonzales78,dcarter@b1zmail.biz,ending,ending
Hope,Mendez,1968-06-30,7124182023,HopeaMendez4,coliver@hotma1l.org,assert,assert
Dominic,Stuart,1978-07-01,2015660115,DominicofStuart21,avaughan@ma1lbox.org,secretly,secretly
Jay,Mercer,1971-03-29,5236008148,JayweMercer91,urobles@b1zmail.co.uk,assert,assert
Ed,Maldonado,1976-03-05,3111521537,EdtoMaldonado36,havemany@everyma1l.net,secretly,secretly
Tony,Delaney,1970-05-20,7745261256,TonyaDelaney3,writein65@ma1l2u.net,wicket,wicket
Lloyd,McGuire,1963-07-25,6143238557,LloyditMcGuire12,piquedemanded@everyma1l.com,visions,visions
Gina,Riddle,1968-10-01,6597464496,GinainRiddle82,jmaxwell@gma1l.org,something,something
Ronda,York,1966-12-23,2374282621,RondaorYork08,hkirkland@ma1l2u.org,assert,assert
Rod,Pugh,1961-11-20,354525635,RodsoPugh5,bnoel@yah00.net,sacrifice,sacrifice
Judy,Cantrell,1955-07-03,9272887816,JudyaCantrell1,cward@hotma1l.us,computer,computer
Connie,Flores,1969-06-11,8270335636,ConnieweFlores89,enterdays@ma1lbox.us,library,library
Kaylee,Barton,1974-09-05,1386606892,KayleesoBarton5,alwayscomputer@b1zmail.us,should,should
Marcus,Potts,1974-04-23,3043225689,MarcusofPotts14,visionsto10@everyma1l.com,something,something
Dylan,Mueller,1979-06-29,4615095286,DylanIMueller52,tookill@ma1lbox.org,secretly,secretly
Ed,Hansen,1983-05-30,8076762994,EdaHansen30,lotsdreams@yah00.biz,computer,computer
Gloria,Powers,1965-04-04,3747678279,GloriaonPowers8,djames@everyma1l.com,should,should
Jesse,Jimenez,1968-07-29,9274778918,JessetoJimenez6,willwhat@yah00.us,secretly,secretly
Allison,Noel,1966-10-25,8916225299,AllisonINoel7,ascomputer46@everyma1l.org,numbers,numbers
Kelly,Adams,1955-10-08,2301027662,KellyaAdams6,mpage@everyma1l.com,sacrifice,sacrifice
Sherri,Mullins,1965-03-02,8774064262,SherriaMullins5,dgonzales@everyma1l.org,sacrifice,sacrifice
Gerald,Wilson,1967-05-15,7540623851,GeraldtoWilson3,webothers@ma1l2u.us,something,something
Martha,Estes,1980-07-04,9236946524,MarthaofEstes12,itdo@everyma1l.biz,something,something
Jon,McKnight,1956-10-15,9943231479,JonofMcKnight64,ias@ma1l2u.us,should,should
Marilyn,Stevenson,1984-05-25,8823181989,MarilynisStevenson9,dois@b1zmail.com,generated,generated
Andrew,Knapp,1967-11-16,2098182631,AndrewdoKnapp54,amorton@ma1lbox.net,secretly,secretly
Kristy,Durham,1968-04-07,4212140274,KristyaDurham0,ro'neil96@gma1l.co.uk,library,library
Chris,Todd,1981-09-13,8392069919,ChrisaTodd8,lshaw@ma1l2u.com,library,library
Deanna,Dixon,1983-05-05,5261483631,DeannaIDixon6,ldowns@hotma1l.biz,library,library
Lacey,Ayers,1980-12-06,7395098140,LaceyIAyers2,sowhen@b1zmail.net,magnetic,magnetic
Nick,Fischer,1964-09-09,4723088555,NickIFischer40,magnetichandled@everyma1l.us,secretly,secretly
Kendra,Vaughn,1981-08-31,7099930821,KendraofVaughn4,itwindow@hotma1l.biz,sacrifice,sacrifice
Drew,Peck,1975-02-04,5515270005,DrewIPeck7,onman12@b1zmail.net,assert,assert
Carolyn,Frederick,1973-03-04,6089231562,CarolynIFrederick0,inin@yah00.us,sacrifice,sacrifice
Ken,Schroeder,1970-11-12,8635221084,KenaSchroeder93,tlee@yah00.biz,rabbit,rabbit
Johnny,McFarland,1967-06-07,1821576866,JohnnyaMcFarland0,ndixon@b1zmail.co.uk,rescue,rescue
Wanda,McLeod,1963-05-21,8991250059,WandaweMcLeod9,firelight@ma1l2u.com,visions,visions
Troy,Beach,1968-06-17,2406514589,TroyaBeach01,jconway@yah00.com,assert,assert
Shaun,Bryant,1976-08-07,4568415921,ShaunIBryant2,jfoster0@everyma1l.us,visions,visions
Doris,Lester,1984-09-19,6449271294,DorisweLester7,illassert55@everyma1l.biz,visions,visions
Anna,Shelton,1957-08-01,1505255610,AnnaaShelton08,ecooley@hotma1l.biz,monster,monster
Scott,Torres,1968-11-05,6426180643,ScottaTorres6,sweaver@everyma1l.us,sidekick,sidekick
Marsha,Beck,1960-07-15,6196005911,MarshaaBeck54,balford@yah00.co.uk,something,something
Ethan,Huff,1983-02-28,8374897463,EthaninHuff0,whofind@somema1l.net,assert,assert
Dustin,Conway,1968-07-08,4651683629,DustinorConway9,tomagnetic91@gma1l.biz,others,others
Robbie,Bartlett,1956-07-31,9859174745,RobbieIBartlett9,areothers@gma1l.biz,assert,assert
Laura,Bishop,1964-05-24,1096230219,LauraaBishop5,ofhot@somema1l.biz,sidekick,sidekick
Darla,Welch,1977-01-06,6878945399,DarlaaWelch91,bnunez@somema1l.biz,secretly,secretly
Eugene,Osborne,1957-02-13,6095684709,EugeneinOsborne6,kcummings@ma1l2u.org,something,something
Jared,Ford,1975-03-02,614817240,JaredinFord5,sburton@b1zmail.co.uk,rescue,rescue
Carla,Silva,1955-05-18,5362066309,CarlaonSilva7,rabbitsacrifice75@hotma1l.org,trying,trying
Jean,Potter,1963-02-20,8125991560,JeanaPotter7,klindsey7@yah00.biz,through,through
Sheila,Crane,1980-03-29,2793895760,SheilaasCrane8,silldreams@somema1l.us,captain,captain
Dallas,Rivera,1972-04-17,7578102743,DallasaRivera31,skerr@hotma1l.org,secretly,secretly
Shawna,Blair,1955-08-03,8630206785,ShawnainBlair5,onsill@everyma1l.net,computer,computer
Ellen,Francis,1978-09-15,7656201587,EllentoFrancis8,jfloyd@ma1l2u.biz,something,something
Phyllis,Larsen,1966-02-24,806958592,PhyllisitLarsen1,othersmagnetic@ma1lbox.us,library,library
Lisa,Robles,1955-03-15,6795391323,LisaIRobles5,todemanded@gma1l.co.uk,sacrifice,sacrifice
Dennis,Chang,1961-03-19,6348330478,DennisisChang65,throwman@b1zmail.org,island,island
Randall,Whitaker,1962-11-12,8267052218,RandallofWhitaker09,webnumbers@b1zmail.com,interest,interest
Gage,Hewitt,1974-04-09,4629969854,GageisHewitt3,sacrificeends30@gma1l.org,monster,monster
Sandy,Gentry,1982-05-01,6189716576,SandyonGentry11,hburke@b1zmail.net,sacrifice,sacrifice
Johnathan,Parks,1966-06-07,1908847073,JohnathanweParks26,dfrank@ma1l2u.co.uk,something,something
Gail,Flowers,1960-12-06,9139325531,GailaFlowers14,cguerra@ma1lbox.net,visions,visions
Greg,King,1965-08-10,7520731551,GregweKing91,sfoley@somema1l.biz,probably,probably
Wesley,Hayes,1966-06-03,2064591634,WesleytoHayes1,wornwas@ma1l2u.biz,library,library
Tracey,Logan,1966-06-13,9965285985,TraceyaLogan7,muchit@b1zmail.biz,something,something
Tina,Shaffer,1973-09-16,3709630991,TinaaShaffer98,ghostmuch@b1zmail.biz,secretly,secretly
Kristina,Raymond,1984-12-16,1698129600,KristinaitRaymond0,libraryso@everyma1l.us,sacrifice,sacrifice
Margaret,Whitfield,1958-09-10,9609116389,MargarettoWhitfield3,rsolis@gma1l.net,rabbit,rabbit
Chuck,Levy,1971-05-08,5238792726,ChuckofLevy57,ehunt@ma1l2u.us,island,island
Marilyn,Farrell,1978-05-22,6044122514,MarilynIFarrell0,whatdo@ma1l2u.org,sacrifice,sacrifice
Harold,Johns,1958-03-28,9673406542,HaroldinJohns55,jhoover25@everyma1l.co.uk,waited,waited
Baby,Murray,1976-08-27,1601249534,BabyIMurray4,withshould84@everyma1l.biz,rabbit,rabbit
Donald,Kane,1974-07-22,4119788396,DonaldinKane06,headphonesto@ma1lbox.biz,sacrifice,sacrifice
Joseph,McPherson,1960-08-03,5042433018,JosephIMcPherson3,somethingwarp@gma1l.co.uk,computer,computer
Christine,Kirk,1983-01-14,8837695715,ChristineIKirk47,dmartin@everyma1l.biz,computer,computer
Brady,Carter,1983-06-11,6620006672,BradytoCarter85,jstone@hotma1l.co.uk,should,should
Ellen,Sweet,1979-04-04,437697578,EllenaSweet8,monsterwith@gma1l.biz,sacrifice,sacrifice
Martin,Odom,1962-03-24,9544210226,MartininOdom53,psalas@everyma1l.net,sacrifice,sacrifice
Kaylee,Hobbs,1956-04-18,8524374675,KayleeinHobbs56,lockdied41@gma1l.com,sacrifice,sacrifice
Rhonda,Velez,1967-03-04,72262831,RhondaIVelez59,wbailey48@ma1l2u.us,sacrifice,sacrifice
Leslie,Hampton,1973-02-18,9622479726,LeslieofHampton19,gbowen95@ma1l2u.biz,computer,computer
Adam,Poole,1981-06-26,7380007050,AdamaPoole5,bduran73@everyma1l.biz,island,island
Kaitlyn,Snow,1955-10-12,4816488224,KaitlyntoSnow09,generateddreams@b1zmail.biz,computer,computer
Jeannie,McKnight,1979-01-21,5807535319,JeannieIMcKnight84,tosits@everyma1l.net,assert,assert
Tara,Chambers,1971-04-18,5583905107,TaraaChambers68,captainthe@ma1l2u.us,computer,computer
Alissa,Walter,1955-06-10,3347490765,AlissaaWalter70,dbass@everyma1l.co.uk,ending,ending
Harley,Salas,1957-08-03,6743826400,HarleyaSalas19,warpwaited@yah00.org,sacrifice,sacrifice
Stanley,Odonnell,1969-11-26,3742647293,StanleyofOdonnell80,onautomatically@somema1l.org,sacrifice,sacrifice
Roger,Barry,1973-03-17,1565414350,RogerIBarry6,codetext@yah00.net,something,something
Dean,O'neal,1963-05-30,8035735818,DeanIO'neal89,isshould79@yah00.com,sidekick,sidekick
Larry,Leach,1973-07-17,1613243213,LarryILeach9,wbray@ma1lbox.us,ending,ending
Harley,Pate,1978-12-16,9205453286,HarleysoPate06,npope@everyma1l.co.uk,sacrifice,sacrifice
Darrell,Gould,1976-07-30,6069538234,DarrelltoGould1,hadlock@b1zmail.net,visions,visions
Tom,Pollard,1977-12-12,7444288344,TomtoPollard52,jharding@ma1lbox.co.uk,computer,computer
Sherry,Woodward,1966-07-01,9447778330,SherryIWoodward06,endingno@gma1l.com,probably,probably
Dale,Walsh,1975-09-26,578621477,DaleisWalsh87,webroom@ma1lbox.co.uk,secretly,secretly
Shirley,Burt,1958-09-30,2719063281,ShirleyIBurt5,askedto@hotma1l.org,visions,visions
Chastity,Hicks,1962-04-15,5327578629,ChastityIHicks8,rdixon@somema1l.biz,dreams,dreams
April,Randall,1983-10-18,2991141632,AprilaRandall91,sitslost90@hotma1l.biz,sacrifice,sacrifice
Nathan,Chavez,1984-12-03,5837026864,NathanaChavez6,wantthrough@yah00.biz,captain,captain
Audrey,Goff,1961-08-18,3366395567,AudreytoGoff6,jbrennan85@ma1l2u.biz,computer,computer
Molly,Lindsey,1983-09-19,9839395363,MollyaLindsey15,droach@everyma1l.org,captain,captain
Michelle,Herman,1962-09-16,8371625997,MichelleIHerman1,entersits@b1zmail.net,computer,computer
Vicki,Guy,1969-05-15,15167722,VickiinGuy98,tstewart@somema1l.co.uk,interest,interest
Daniel,Melton,1969-12-13,2816262709,DanielitMelton4,toworn@ma1lbox.co.uk,island,island
Donnie,Galloway,1982-12-07,3335142157,DonnieofGalloway6,areare@everyma1l.org,computer,computer
Jesse,Giles,1979-11-19,8754944854,JesseofGiles55,dhess@ma1lbox.org,sacrifice,sacrifice
William,O'neil,1977-05-07,4115866016,WilliamdoO'neil4,smoss@somema1l.biz,sacrifice,sacrifice
Rochelle,Johnston,1975-04-23,9992412026,RochelleaJohnston3,blott@everyma1l.us,library,library
Joanne,Oliver,1975-05-31,4861498458,JoanneinOliver83,crichmond@everyma1l.org,trying,trying
Rose,Casey,1963-10-10,5073846460,RoseitCasey1,smacias@gma1l.co.uk,visions,visions
Jody,Coffey,1981-03-19,4506848662,JodyICoffey5,manywhat@ma1lbox.us,sacrifice,sacrifice
Jesse,Sawyer,1975-11-17,2187885809,JesseweSawyer7,shouldin@b1zmail.co.uk,assert,assert
Dave,Joyce,1979-10-03,9368155181,DaveaJoyce2,sjimenez@everyma1l.com,assert,assert
Rusty,Gaines,1979-10-23,9249874915,RustytoGaines8,afranco@everyma1l.org,sidekick,sidekick
Darla,Bean,1963-09-11,9452037685,DarlasoBean60,twooten@gma1l.us,secretly,secretly
Rex,Walls,1979-11-06,1522104682,RextoWalls8,rrollins@yah00.co.uk,assert,assert
Seth,Waters,1965-01-03,9626976555,SethaWaters2,rbowers@yah00.org,should,should
Bonnie,McGowan,1964-01-26,9433046677,BonnieIMcGowan78,hadis18@b1zmail.biz,visions,visions
Travis,Andrews,1974-03-04,1056375129,TravisofAndrews46,hbartlett@hotma1l.com,computer,computer
Kristin,Graham,1970-12-19,1597726330,KristinaGraham19,cchambers10@b1zmail.us,through,through
Alissa,Kent,1971-11-29,5170281437,AlissaIKent7,lmejia47@yah00.us,interest,interest
Tyler,Mills,1965-04-17,4118505968,TylerIMills35,ddillard@somema1l.us,sacrifice,sacrifice
Kendra,Craft,1957-08-14,2844275414,KendraofCraft18,haveship@ma1l2u.net,through,through
Dana,Vargas,1962-02-13,8536319738,DanaisVargas6,shouldin@ma1lbox.biz,secretly,secretly
Becky,Sandoval,1958-01-15,526666427,BeckytoSandoval19,aregenerated@ma1l2u.biz,rabbit,rabbit
Paige,Cline,1963-12-26,9627619697,PaigeaCline1,doending@everyma1l.biz,probably,probably
Frank,Frank,1968-10-27,7222475939,FranktoFrank80,itin@gma1l.biz,generated,generated
Joe,Beasley,1980-08-31,5064558560,JoeitBeasley0,crashor@b1zmail.org,sacrifice,sacrifice
Jackie,Hull,1979-11-03,2490878493,JackieisHull4,broberts@everyma1l.biz,secretly,secretly
Joanne,Murray,1965-10-15,8512461382,JoanneIMurray5,towhat@everyma1l.biz,secretly,secretly
Matthew,Hahn,1981-05-04,873415275,MatthewinHahn5,bnorton@ma1l2u.com,something,something
Kylie,Mathis,1984-06-29,243662017,KylieonMathis6,onto@hotma1l.co.uk,library,library
Derek,Baker,1979-08-26,236905132,DerekIBaker4,atillman@ma1lbox.co.uk,suspense,suspense
Debbie,Valencia,1960-01-21,3660767651,DebbieaValencia5,goodsidekick@everyma1l.us,computer,computer
Rocky,Barnes,1967-04-06,3502082017,RockyaBarnes65,mybooks@hotma1l.biz,captain,captain
Ginger,Barker,1970-10-01,6261371765,GingerdoBarker6,efowler@gma1l.org,secretly,secretly
Wanda,Gaines,1973-09-21,2463732812,WandaisGaines2,vmosley@hotma1l.co.uk,library,library
Jay,Cortez,1981-09-24,9216836623,JayaCortez3,foundwhat@somema1l.biz,generated,generated
Katrina,Holloway,1982-04-22,8606841638,KatrinatoHolloway87,jvance@gma1l.biz,through,through
Joey,Oconnor,1983-12-18,9780603156,JoeyofOconnor3,islandto@ma1lbox.net,wicket,wicket
Wanda,Delgado,1959-03-16,3166389361,WandaaDelgado1,tdean@gma1l.net,library,library
Sierra,Weber,1967-02-01,5898602826,SierrainWeber6,rfranklin45@ma1lbox.co.uk,secretly,secretly
Corey,Terry,1971-09-12,4648737312,CoreyITerry0,adiaz@ma1l2u.us,visions,visions
Jerry,Wooten,1973-11-01,4160553094,JerryofWooten74,amacdonald@gma1l.org,library,library
Phyllis,Beach,1983-01-17,9771734423,PhyllistoBeach45,tomonster42@yah00.biz,visions,visions
Hannah,Nguyen,1957-05-06,634619110,HannahaNguyen65,ecline@somema1l.us,something,something
Sean,Battle,1984-09-14,6197419799,SeantoBattle1,pdunn@gma1l.co.uk,computer,computer
Danny,Horton,1969-07-23,7667609771,DannysoHorton6,suspensewhite@hotma1l.com,through,through
Katie,McGowan,1973-12-30,2684594155,KatieaMcGowan18,openthis@gma1l.us,something,something
Benjamin,Beach,1978-03-08,3459298005,BenjamininBeach9,ghendrix@b1zmail.com,computer,computer
Adam,Webster,1958-06-16,1866440003,AdamasWebster1,gfoster@ma1lbox.co.uk,waited,waited
Cathy,Harding,1972-10-27,2146811911,CathyweHarding25,tgallagher@gma1l.com,island,island
Fred,Mack,1969-05-04,9801797418,FredIMack3,librarythis54@hotma1l.us,should,should
Matthew,Gilmore,1984-12-04,1614959274,MatthewaGilmore8,idied@ma1l2u.co.uk,monster,monster
Sandra,Beard,1978-06-24,4191984233,SandraitBeard5,lellison@somema1l.com,ending,ending
Chester,George,1966-05-23,9980548456,ChesterinGeorge3,jjustice@yah00.co.uk,library,library
Eva,Lowery,1983-05-09,4407052062,EvaaLowery03,computerrescue@gma1l.co.uk,numbers,numbers
Cindy,Key,1969-04-29,7255468753,CindyofKey99,jblackwell16@everyma1l.co.uk,demanded,demanded
Toni,Campos,1956-01-11,2445638939,ToniinCampos9,abouta36@gma1l.com,sacrifice,sacrifice
Gerald,Crawford,1977-08-26,1662097480,GeraldaCrawford5,aelliott@yah00.biz,library,library
Kenny,Wright,1977-01-06,4187474024,KennyIWright12,automaticallyending@gma1l.biz,library,library
Brooke,Jenkins,1966-07-22,7106666832,BrookedoJenkins02,ssandoval@ma1lbox.org,sacrifice,sacrifice
Johnathan,Page,1980-04-18,460265523,JohnathanIPage85,smalone@ma1lbox.com,something,something
Darrell,Collier,1966-11-24,861498123,DarrellaCollier02,ashepard@somema1l.biz,assert,assert
Olivia,Parker,1972-11-10,6013242544,OliviaIParker46,lockon@ma1lbox.biz,sacrifice,sacrifice
Veronica,Boone,1962-05-22,9473078727,VeronicainBoone8,bstokes@ma1lbox.biz,monster,monster
Troy,Fields,1970-03-18,6225485771,TroyIFields0,sgraves@hotma1l.net,sacrifice,sacrifice
Brandy,Orr,1980-05-01,3937505153,BrandytoOrr1,eholland@b1zmail.co.uk,something,something
Janet,Salazar,1965-09-27,4902451185,JanetaSalazar36,aghost@yah00.co.uk,sacrifice,sacrifice
Shannon,Dixon,1970-04-24,9521569367,ShannonIDixon4,dstokes@everyma1l.us,secretly,secretly
Lynn,Davidson,1981-04-24,3649525142,LynnisDavidson64,hpatel@everyma1l.com,library,library
Ron,Burns,1975-04-02,9397965913,RonaBurns27,builddiscovered@somema1l.us,library,library
Cynthia,Vega,1983-04-23,4968129735,CynthiaIVega7,krobles@ma1lbox.biz,assert,assert
Vicky,Robertson,1978-08-24,4813296784,VickyweRobertson51,elsea@hotma1l.us,window,window
Alisha,Foster,1970-05-29,8868241428,AlishaofFoster73,lsingleton@everyma1l.com,computer,computer
Terri,Medina,1975-11-07,9350763810,TerriisMedina2,mwalsh@hotma1l.co.uk,waited,waited
Timmy,Stevens,1963-06-02,4392266666,TimmyaStevens8,listgenerated@ma1lbox.com,something,something
Levi,Hoffman,1980-06-02,9376004523,LevitoHoffman8,areghost@ma1lbox.us,rescue,rescue
Jerry,Sykes,1970-09-14,1509960500,JerryaSykes8,thisassert@gma1l.co.uk,should,should
Faith,Morse,1964-01-22,4531369405,FaithIMorse8,probablydo@yah00.biz,sacrifice,sacrifice
Donna,Walter,1965-09-30,3164209248,DonnatoWalter5,whensidekick@ma1l2u.com,sacrifice,sacrifice
Erica,Barton,1959-12-17,7812708996,EricainBarton9,myball@b1zmail.co.uk,something,something
Vicky,Goff,1984-03-31,8144848743,VickyitGoff2,ahudson@ma1lbox.co.uk,should,should
Alex,Albert,1981-01-24,2761097841,AlexofAlbert8,withmy@ma1lbox.biz,should,should
Leslie,Keller,1975-06-21,6448637994,LeslieitKeller43,thisof@hotma1l.us,generated,generated
Katherine,Durham,1969-12-07,5163261305,KatherinetoDurham98,codehatch11@ma1lbox.biz,rabbit,rabbit
Lawrence,Ruiz,1979-10-22,2235747362,LawrenceisRuiz2,tthornton@ma1lbox.biz,sacrifice,sacrifice
Lois,Bradshaw,1972-12-06,6535745798,LoisaBradshaw6,headphoneswho@b1zmail.biz,monster,monster
Ed,Curtis,1963-11-18,1611811784,EdICurtis1,tpace@somema1l.biz,captain,captain
Christina,Hall,1976-09-28,6307255367,ChristinaaHall80,cleblanc@yah00.net,library,library
Tracie,West,1959-09-21,1243196881,TracieisWest9,tofound@hotma1l.net,library,library
Morgan,Craig,1956-01-17,3230955345,MorganinCraig55,tnash20@ma1lbox.org,sacrifice,sacrifice
Chasity,White,1963-11-14,9229017840,ChasitydoWhite75,theysofa@somema1l.net,something,something
Laken,Woodward,1961-03-06,9011147496,LakenonWoodward66,pstrickland81@b1zmail.com,visions,visions
Josh,Sharpe,1978-01-24,2244822123,JoshinSharpe3,generatedsecretly@b1zmail.co.uk,visions,visions
Destiny,Hartman,1962-11-16,1355008077,DestinyitHartman1,handledleader99@b1zmail.us,sacrifice,sacrifice
Danielle,Jimenez,1967-07-08,5355288840,DanielleIJimenez66,amcleod@gma1l.net,sacrifice,sacrifice
Nina,Sandoval,1961-04-19,5036868787,NinaISandoval1,rroy@ma1lbox.net,handled,handled
Wanda,Nunez,1970-11-04,5256465774,WandatoNunez69,tothe@hotma1l.com,should,should
Jesse,Booth,1958-08-08,8948605751,JesseIBooth80,agarcia@gma1l.biz,visions,visions
Bob,Hewitt,1957-09-21,8504375957,BobofHewitt74,sclark@gma1l.co.uk,sacrifice,sacrifice
Derrick,Gay,1973-03-13,5537936954,DerrickIGay3,endingwrite@everyma1l.org,computer,computer
Dean,Nichols,1980-06-10,7632670532,DeanINichols3,troman8@hotma1l.biz,interest,interest
Marilyn,Tanner,1966-07-15,8862283936,MarilynsoTanner3,ssuarez@hotma1l.us,computer,computer
Jane,Martinez,1955-03-25,8947168365,JaneIMartinez96,bdejesus@ma1l2u.com,something,something
Whitney,Head,1968-11-29,6570554934,WhitneyofHead1,dosmoke@everyma1l.co.uk,rescue,rescue
Tracey,Cooley,1965-01-23,761295863,TraceyICooley50,kmiranda@yah00.us,window,window
Tyrone,Justice,1958-04-22,8955683423,TyroneIJustice83,dreamsto@gma1l.us,computer,computer
Vincent,Salas,1955-05-16,501535211,VincentISalas9,findin64@somema1l.biz,captain,captain
Jared,Barnett,1959-12-11,32630290,JareddoBarnett02,cyoung@ma1l2u.co.uk,wicket,wicket
Eugene,Kirkland,1975-06-08,4571330036,EugenetoKirkland67,jnixon@gma1l.co.uk,secretly,secretly
Benjamin,Lancaster,1970-08-05,8426920186,BenjaminsoLancaster7,smokeare@yah00.biz,assert,assert
Bob,Haynes,1958-08-08,934745967,BobitHaynes89,outor maybe@hotma1l.co.uk,something,something
Rick,Melton,1963-02-25,6702203051,RicktoMelton1,mbell@b1zmail.com,something,something
Brent,Rutledge,1967-01-08,2674574571,BrentweRutledge34,elsegood@hotma1l.org,computer,computer
Loretta,Mayer,1961-01-08,5259458432,LorettatoMayer6,thisspeed@gma1l.org,computer,computer
Ken,Rush,1982-10-23,3441219130,KenisRush6,rmolina@gma1l.biz,window,window
Rusty,Miller,1963-03-29,4949373588,RustyIMiller87,captainsomething@somema1l.net,library,library
Jeffery,David,1971-12-22,344473760,JefferytoDavid5,badlywill@ma1l2u.biz,probably,probably
Tracy,Gallagher,1971-11-24,6023715224,TracyaGallagher09,sdyer@yah00.net,island,island
Joseph,Acevedo,1966-01-15,9821176740,JosephdoAcevedo5,theto@ma1lbox.co.uk,window,window
Chelsea,McCarty,1984-09-11,219106041,ChelseaaMcCarty2,constantlyare@hotma1l.us,people,people
Dakota,Lynn,1955-06-12,4262246300,DakotaitLynn73,outrescue@ma1l2u.net,something,something
Jonathon,Johnston,1963-03-28,3579153511,JonathonaJohnston70,tosmoke@hotma1l.net,secretly,secretly
Harley,Witt,1982-05-28,5248463158,HarleyaWitt10,webout@everyma1l.com,computer,computer
Vanessa,Cash,1967-03-13,1799468824,VanessatoCash0,csnow6@hotma1l.com,should,should
Lisa,Sargent,1964-06-07,9381675871,LisadoSargent16,openwindow74@b1zmail.us,computer,computer
Barb,Hull,1960-02-19,5070157904,BarbitHull39,asawyer@yah00.co.uk,secretly,secretly
Steven,Levine,1971-02-13,2320967720,StevenaLevine55,islandin@somema1l.biz,library,library
Taylor,Abbott,1974-09-29,688500362,TaylorweAbbott8,athis@ma1l2u.us,sacrifice,sacrifice
Roberta,Hayden,1965-12-17,6971070678,RobertaisHayden0,dmccall97@ma1l2u.com,library,library
Brianna,Cline,1976-01-09,3434993557,BriannatoCline20,buildplane@ma1l2u.com,captain,captain
Seth,Anthony,1965-03-22,8425332877,SethonAnthony1,lmayo@somema1l.net,trying,trying
Jonathon,Wallace,1966-07-14,3177171809,JonathonaWallace8,firemoved@everyma1l.com,computer,computer
Kayla,Cross,1957-06-09,3252630578,KaylaICross8,redthey@gma1l.com,visions,visions
Rachael,Barr,1974-06-01,53814305,RachaelorBarr20,somethingto@hotma1l.net,library,library
Sandy,Diaz,1973-08-17,7273786481,SandyaDiaz4,bpacheco@b1zmail.com,secretly,secretly
Darrell,Orr,1965-12-06,4265255119,DarrelldoOrr7,chutchinson@everyma1l.net,library,library
Nancy,Glenn,1957-04-21,9272798836,NancyitGlenn6,theath@somema1l.net,visions,visions
Vickie,Wiley,1982-02-02,4082616082,VickieitWiley5,fromto@ma1lbox.biz,sacrifice,sacrifice
Blake,Frye,1956-08-14,8058847271,BlakeofFrye07,throughlist63@gma1l.org,something,something
Jacob,McDaniel,1979-02-25,7676784647,JacobIMcDaniel05,alwaysthey@b1zmail.biz,secretly,secretly
Skyler,Rice,1970-11-24,9262513705,SkylerIRice43,wordsdad@yah00.net,secretly,secretly
Monica,Juarez,1971-04-25,7616340362,MonicaorJuarez4,ahancock@somema1l.org,library,library
Dominic,Kelley,1967-04-16,8585756646,DominicaKelley9,smokethis@hotma1l.org,secretly,secretly
Tabatha,Reilly,1961-06-29,9311039935,TabathaIReilly4,sitshat@yah00.com,library,library
Rick,Bender,1966-06-22,3839510992,RickisBender81,abutler@gma1l.biz,assert,assert
Tyrone,Morrison,1981-02-06,707624771,TyroneIMorrison4,sboyer@hotma1l.us,banging,banging
Jesse,Mullen,1981-05-30,6643366284,JessetoMullen0,hatwith@somema1l.biz,assert,assert
Jordan,Gregory,1962-05-26,2428803264,JordantoGregory48,idays@ma1l2u.com,computer,computer
Rocky,Edwards,1964-09-19,3840925006,RockyitEdwards40,tkinney@hotma1l.biz,ending,ending
Charlotte,Schmidt,1984-09-19,7577102055,CharlotteISchmidt5,gmaxwell@b1zmail.com,should,should
Ruth,Burch,1972-03-08,8049459656,RuthweBurch35,rnavarro@everyma1l.co.uk,generated,generated
Danielle,Stevens,1981-08-08,4024667588,DanielleIStevens10,hatcha74@b1zmail.net,should,should
Daniel,Ochoa,1955-07-17,6736385033,DanielIOchoa07,cameare@somema1l.us,something,something
Tracie,Pittman,1967-10-21,3960026902,TraciesoPittman77,shepherdwas65@everyma1l.biz,library,library
Helen,Watts,1956-09-16,8925919477,HeleninWatts1,tofrom23@everyma1l.us,library,library
Marvin,Rosa,1981-04-27,4121622651,MarvinweRosa38,bholcomb@somema1l.us,computer,computer
Abby,Johnston,1968-11-27,4043589541,AbbyinJohnston8,goodmuch@yah00.com,waited,waited
Evelyn,Delacruz,1976-01-29,8844337014,EvelynitDelacruz50,dstevens75@hotma1l.com,assert,assert
Eugene,Van halen,1972-02-17,9732602023,EugeneIVan halen4,ghostend@ma1lbox.co.uk,sacrifice,sacrifice
Mason,Bolton,1977-07-19,1117691698,MasonofBolton2,inwhile@ma1lbox.us,assert,assert
Chad,Schultz,1968-01-10,1479011594,ChadinSchultz89,lmosley@somema1l.us,demanded,demanded
Theresa,Stein,1977-07-01,559549826,TheresaIStein41,doas@somema1l.org,rabbit,rabbit
Brenda,Bray,1968-12-28,4536172604,BrendaIBray51,shouldfound@b1zmail.net,computer,computer
Myron,Contreras,1964-01-30,5153693237,MyronofContreras62,itthey@b1zmail.net,interest,interest
Tracey,Callahan,1962-09-13,983003811,TraceyICallahan37,bsosa@gma1l.org,sacrifice,sacrifice
Derrick,Oliver,1957-10-01,2194887206,DerrickisOliver7,thisman88@b1zmail.net,generated,generated
Jonathan,Chandler,1972-04-09,6435549730,JonathantoChandler5,worldcode@yah00.net,island,island
Gloria,Copeland,1956-11-11,6097859390,GloriaICopeland41,cjoseph90@somema1l.com,trying,trying
Dana,Ross,1958-11-06,3182244890,DanaisRoss59,demandedenter@gma1l.net,visions,visions
Stephanie,Brewer,1973-07-15,5688752296,StephanieIBrewer4,aclemons@everyma1l.us,library,library
Cameron,Fitzgerald,1973-07-04,1244536963,CameronofFitzgerald34,kweiss45@ma1l2u.net,captain,captain
Stacy,Valentine,1968-10-23,6445850469,StacyaValentine6,kkline@yah00.net,sacrifice,sacrifice
Rita,Wiggins,1962-07-05,6556310330,RitaofWiggins14,wvalenzuela@somema1l.org,should,should
Sydney,Alvarez,1964-04-15,6501950630,SydneytoAlvarez57,grojas@b1zmail.com,sacrifice,sacrifice
Joel,Pittman,1967-10-28,2924870928,JoelaPittman83,worncrash@somema1l.org,computer,computer
Kristina,Austin,1957-06-05,2084107374,KristinaIAustin4,tomany@yah00.net,window,window
Martin,Turner,1956-08-07,9723417961,MartinorTurner8,karmstrong@ma1l2u.com,visions,visions
Dave,Valentine,1983-09-30,5165208764,DaveofValentine03,willwhere@everyma1l.net,computer,computer
Alex,Bass,1962-05-26,9690538017,AlexonBass0,kestes@everyma1l.co.uk,rescue,rescue
Gina,Cobb,1968-08-25,7623433890,GinaICobb19,acarrillo28@gma1l.biz,something,something
Mike,Hughes,1980-06-23,7826292947,MikeaHughes1,rlyons@yah00.com,secretly,secretly
Christy,Howell,1967-11-24,5949441500,ChristyIHowell3,eestes@ma1lbox.com,sacrifice,sacrifice
Ian,Poole,1957-02-11,541064461,IanofPoole2,camecaptain69@hotma1l.us,through,through
Kathy,Whitaker,1957-03-10,3495929431,KathytoWhitaker6,crashdays@ma1l2u.co.uk,assert,assert
Chris,Daniel,1963-10-08,5306005255,ChristoDaniel6,ssutton@everyma1l.co.uk,through,through
Leroy,Mosley,1972-03-28,5801599830,LeroytoMosley74,wehold72@gma1l.biz,secretly,secretly
Timothy,Rocha,1955-12-10,7726765189,TimothyisRocha71,ddillard68@gma1l.org,library,library
Kay,Ortiz,1959-10-29,3484262577,KayIOrtiz44,untilweb@b1zmail.co.uk,visions,visions
Gloria,Farrell,1977-09-10,8696336960,GloriainFarrell7,rduffy@everyma1l.biz,secretly,secretly
Harold,Larsen,1962-06-12,8446938143,HaroldisLarsen03,keyshave@somema1l.org,interest,interest
Cindy,Gonzalez,1983-04-06,7722982771,CindyofGonzalez1,jshaw@yah00.biz,computer,computer
Shawna,Johnson,1973-08-02,2747820810,ShawnatoJohnson35,roomin@ma1lbox.biz,monster,monster
Heath,Bright,1967-08-07,5437674555,HeathaBright80,rashley@yah00.net,probably,probably
Linda,Garrison,1983-09-19,1004434803,LindaofGarrison39,ghartman@b1zmail.com,assert,assert
Martha,Steele,1964-02-05,870729701,MarthaaSteele69,vwiggins@b1zmail.us,sacrifice,sacrifice
Harley,Watts,1978-03-07,4954454700,HarleyIWatts1,jstokes9@b1zmail.biz,sacrifice,sacrifice
Pat,Valdez,1961-11-22,801159192,PattoValdez18,endsprobably75@ma1lbox.com,sacrifice,sacrifice
Dennis,McLaughlin,1978-04-07,3398291995,DennisIMcLaughlin49,theyinterest@hotma1l.biz,through,through
Felicia,Haney,1966-04-24,6808461725,FeliciaIHaney9,rsimpson@ma1lbox.org,sacrifice,sacrifice
Megan,McKinney,1960-11-17,6310506863,MeganweMcKinney5,jhart7@gma1l.biz,interest,interest
Billie,Harrington,1984-02-26,2636055531,BillietoHarrington1,trich@ma1lbox.us,library,library
Billy,Hester,1970-05-13,9951805782,BillyIHester55,sgonzales@ma1l2u.us,island,island
Chester,Macdonald,1960-12-15,7571517639,ChesteraMacdonald4,hadenter@ma1lbox.co.uk,probably,probably
Donnie,McLean,1976-11-20,9458174124,DonnieonMcLean9,roomhave@everyma1l.us,secretly,secretly
Eva,William,1966-01-13,6741391277,EvaitWilliam6,discoveredconstantly@somema1l.us,rabbit,rabbit
Alexis,Tate,1971-12-02,8993829759,AlexisonTate5,lschwartz16@hotma1l.biz,through,through
Maria,Ratliff,1981-01-04,5826972768,MariaaRatliff22,warpwrong@everyma1l.com,demanded,demanded
Martha,Cortez,1956-04-07,4661229709,MarthaorCortez6,whitepique@b1zmail.com,ending,ending
Justin,Robertson,1967-06-01,928758654,JustinIRobertson4,vsilva@b1zmail.co.uk,trying,trying
Gail,Flores,1955-10-25,8755939132,GailitFlores9,noweb@yah00.org,through,through
Douglas,Perez,1965-10-23,9370190640,DouglasisPerez6,fsweeney@somema1l.org,always,always
Jeannie,Burch,1960-08-17,1278911786,JeannieaBurch2,sidekickare30@gma1l.biz,something,something
Chastity,Barlow,1983-10-28,5417144447,ChastityinBarlow6,monsterto@somema1l.com,library,library
Angel,Macias,1955-07-24,7560016627,AngelaMacias8,iscomputer@ma1lbox.com,people,people
Bob,Moore,1960-02-23,9224240147,BobIMoore10,wsmith@everyma1l.com,something,something
Christy,Vazquez,1977-05-07,7795432060,ChristyweVazquez74,peoplebanging@ma1lbox.com,computer,computer
Denise,McCormick,1976-10-23,7449299845,DenisetoMcCormick54,keysothers37@everyma1l.org,something,something
Chris,Fulton,1978-10-16,5951925972,ChrisonFulton74,whowho@gma1l.biz,sacrifice,sacrifice
Andy,Hodges,1969-12-28,8880475471,AndydoHodges69,jspencer@ma1lbox.com,sidekick,sidekick
Charlotte,Hampton,1983-12-03,7204212982,CharlotteaHampton24,hadthis@ma1lbox.net,something,something
Monica,Acosta,1972-04-29,5425661705,MonicaonAcosta7,lgould@ma1lbox.org,demanded,demanded
Lawrence,Tanner,1966-06-16,2707961390,LawrenceaTanner12,socame@yah00.net,island,island
Tracy,McCormick,1977-11-20,2483059767,TracyweMcCormick1,jmcclure@ma1l2u.biz,something,something
Angel,Ramirez,1983-06-30,8661432374,AngelIRamirez8,automaticallyfrom@ma1lbox.co.uk,sacrifice,sacrifice
Gina,Welch,1979-04-07,4802269060,GinatoWelch63,pullwhile@hotma1l.com,library,library
Larry,George,1975-08-24,5641623719,LarryweGeorge7,pbray@everyma1l.com,library,library
Deanna,Mosley,1960-12-10,4330039736,DeannaofMosley51,tryingsits@yah00.com,others,others
Beth,Hoover,1982-11-17,4599385163,BethorHoover4,hadmonster@gma1l.com,something,something
Blake,Stevenson,1967-09-20,8215054192,BlaketoStevenson6,atorres@everyma1l.org,computer,computer
Susan,French,1965-07-24,4388590686,SusanisFrench9,enelson@somema1l.com,interest,interest
Robbie,Dominguez,1966-06-29,5782231268,RobbieaDominguez3,haveroom@gma1l.us,computer,computer
Tracy,Carlson,1981-10-15,9781446945,TracyICarlson55,pullgenerated@yah00.org,library,library
Melody,Kidd,1964-08-05,2050194224,MelodyweKidd0,whoplane@hotma1l.co.uk,window,window
Elaine,Allison,1969-03-25,5536716367,ElaineIAllison26,thebooks@ma1lbox.net,captain,captain
Carolyn,Nichols,1974-07-25,6672934703,CarolynaNichols8,hatchare@b1zmail.co.uk,sacrifice,sacrifice
Barb,Goodwin,1962-04-04,6785770642,BarbisGoodwin1,ispeople5@gma1l.biz,captain,captain
Annette,Macdonald,1968-10-19,9178914938,AnnetteaMacdonald99,dadthrow@hotma1l.org,library,library
Eugene,Levy,1962-12-11,3289462924,EugeneILevy24,wordsball@everyma1l.net,something,something
Rebecca,Hart,1963-04-18,349100695,RebeccaIHart85,wantwrong@somema1l.org,secretly,secretly
Brian,Rutledge,1974-11-25,9754878170,BrianaRutledge73,diedit43@ma1lbox.co.uk,visions,visions
Taylor,McCormick,1964-07-03,6108602205,TayloraMcCormick3,mbattle@gma1l.com,visions,visions
Veronica,Salinas,1976-03-02,4956179020,VeronicaISalinas1,rescuedo@ma1l2u.org,always,always
Dylan,Graham,1964-02-28,5598635191,DylandoGraham15,wefound@yah00.biz,computer,computer
Tamara,Fernandez,1984-03-15,1953351859,TamaraitFernandez79,cfischer@ma1l2u.org,should,should
Jeremy,Craig,1963-12-05,4556850134,JeremyaCraig44,enterto@ma1lbox.co.uk,secretly,secretly
Cheryl,Hansen,1969-06-13,8328129004,CherylsoHansen72,sreilly@hotma1l.com,library,library
Tessa,Hampton,1968-12-11,5754532612,TessaonHampton66,rtucker30@b1zmail.org,computer,computer
Dominic,Alexander,1980-10-12,1418504984,DominicnoAlexander94,or maybecomputer29@gma1l.com,captain,captain
Tommy,Kramer,1965-07-26,1474075785,TommyisKramer7,msullivan@ma1l2u.net,something,something
Nathan,Woodward,1983-09-29,8165045588,NathanaWoodward2,ckennedy80@hotma1l.co.uk,interest,interest
Rebecca,Clayton,1961-01-16,757932899,RebeccaIClayton15,emullins@yah00.co.uk,secretly,secretly
Bob,Hatfield,1976-11-09,6701148017,BobofHatfield6,afrancis@gma1l.net,secretly,secretly
Doris,Huber,1958-06-28,6331913539,DorisonHuber2,speedfind@somema1l.us,window,window
Kathryn,Morin,1956-01-02,3739326379,KathrynaMorin4,lbrock@ma1l2u.org,visions,visions
Shane,Jordan,1964-07-22,6903258861,ShanetoJordan6,alwaysplane@somema1l.org,library,library
Tasha,Farley,1977-02-14,5645030451,TashainFarley6,asavage@ma1lbox.net,secretly,secretly
Francis,Lee,1955-11-25,1826028073,FrancistoLee51,treesin@somema1l.com,generated,generated
Joyce,Hunter,1958-01-13,268620451,JoyceaHunter03,shepherdbooks@somema1l.com,sacrifice,sacrifice
Derek,Pickett,1959-03-27,2864178982,DerekaPickett2,wkinney@yah00.org,sacrifice,sacrifice
Dorothy,Nieves,1959-09-22,4069301514,DorothyaNieves9,bvega82@hotma1l.us,dreams,dreams
Crystal,Dean,1977-02-09,7791656850,CrystalinDean32,lmeadows@ma1lbox.co.uk,island,island
Charlene,Richardson,1959-09-01,3114557090,CharlenetoRichardson47,rabbitmoved@everyma1l.org,sacrifice,sacrifice
Father,Everett,1979-09-03,8851862525,FathernoEverett85,manyghost@yah00.org,should,should
Rodney,Guthrie,1962-10-16,6152681757,RodneyIGuthrie83,pjones@b1zmail.us,something,something
Adam,McBride,1961-07-23,6631430364,AdamIMcBride01,muchwrong@ma1l2u.net,always,always
Ronnie,Shaffer,1971-08-02,1654215004,RonnietoShaffer74,sjohnston54@yah00.us,something,something
Kim,Salazar,1956-06-20,4687132415,KimofSalazar70,willin@ma1l2u.co.uk,island,island
Andrew,Mooney,1972-12-21,8805265278,AndrewIMooney70,mbattle@gma1l.org,interest,interest
Jared,Bridges,1970-08-05,6553330342,JaredsoBridges2,lightbanging@somema1l.biz,rescue,rescue
Jeff,Crane,1959-05-02,3253914551,JeffisCrane9,jwright54@everyma1l.net,captain,captain
Tiffany,Montgomery,1960-05-27,1969752561,TiffanyaMontgomery5,mgates@everyma1l.org,secretly,secretly
Robbie,Mendoza,1984-08-31,4236606766,RobbienoMendoza09,islandwaited@ma1lbox.us,secretly,secretly
Randi,Peterson,1978-03-02,7254242305,RandiofPeterson7,chartman@hotma1l.org,monster,monster
Vernon,York,1961-07-01,459894162,VernonIYork4,theycaptain22@gma1l.net,secretly,secretly
Kenneth,Downs,1979-12-22,7166848790,KennethaDowns3,enterabout@yah00.net,secretly,secretly
Loretta,Combs,1981-08-23,4705691282,LorettaICombs8,captainit@ma1l2u.net,sacrifice,sacrifice
Levi,Velez,1976-11-26,7145643542,LeviIVelez8,smoody@gma1l.net,library,library
Todd,Hernandez,1955-06-26,1741156395,ToddIHernandez4,jhaynes@yah00.net,library,library
Ronald,Talley,1974-09-10,3092415956,RonaldaTalley02,hatchhold@everyma1l.co.uk,secretly,secretly
Stephanie,Owen,1966-07-21,5538657195,StephanietoOwen16,elloyd98@gma1l.biz,library,library
Jason,Craft,1957-11-29,6396302616,JasonisCraft93,adays@everyma1l.us,sacrifice,sacrifice
Tammy,Calderon,1984-02-29,5869502204,TammyICalderon16,wflynn@yah00.biz,library,library
Doug,Dillard,1982-05-18,7303943129,DougaDillard30,ebeach@ma1lbox.co.uk,visions,visions
Colton,York,1959-02-09,1348351,ColtonitYork5,kbaldwin@ma1lbox.us,secretly,secretly
Teresa,Conner,1960-10-07,6873886036,TeresaIConner2,buildends@ma1l2u.net,window,window
Dave,Ramsey,1983-03-15,9604083945,DaveorRamsey1,lotsthrough@hotma1l.co.uk,demanded,demanded
Andy,McCoy,1972-10-31,9325126464,AndyIMcCoy63,cmejia29@hotma1l.biz,numbers,numbers
Patricia,Odonnell,1957-12-30,3685637003,PatriciaaOdonnell7,cwilkins@b1zmail.net,island,island
Rocky,Hicks,1983-01-19,2825583872,RockytoHicks2,fromplane@everyma1l.biz,sacrifice,sacrifice
Patrick,Taylor,1971-12-01,419299940,PatrickaTaylor36,ccalderon@yah00.co.uk,sacrifice,sacrifice
Sherri,Green,1965-03-08,3128781014,SherriofGreen08,willsofa@b1zmail.co.uk,visions,visions
Erin,Atkins,1966-06-15,2985695563,ErinIAtkins15,fromworn98@b1zmail.com,something,something
Joyce,Head,1980-12-07,3675910680,JoyceinHead08,jrosales60@ma1lbox.biz,secretly,secretly
Jesse,Parrish,1955-02-21,8790560913,JesseaParrish4,jsolis@yah00.co.uk,library,library
Clint,Atkins,1970-01-21,4105785283,ClintweAtkins9,whitewhere@hotma1l.org,library,library
Harley,Hendricks,1972-09-17,5945645103,HarleyIHendricks6,crashrescue@ma1lbox.com,secretly,secretly
Kelsey,Knight,1984-06-15,2621681714,KelseyisKnight02,inpull@ma1l2u.org,through,through
Dixie,Hobbs,1979-10-02,9281253114,DixietoHobbs8,havethey28@b1zmail.biz,sidekick,sidekick
Tammy,Hays,1984-07-13,2606061613,TammyIHays81,leaderare@somema1l.us,probably,probably
Shanda,Washington,1955-03-19,9374910862,ShandainWashington5,muchsofa80@ma1l2u.net,window,window
Brad,Strong,1967-02-11,5469738583,BradaStrong23,dvelazquez@somema1l.co.uk,probably,probably
Kendra,Obrien,1979-08-01,1155249733,KendraofObrien24,whencode@gma1l.co.uk,interest,interest
Jonathan,Mills,1975-11-03,8906386232,JonathanisMills0,buildhad@yah00.biz,something,something
Linda,Page,1964-04-05,641420849,LindawePage11,bpeterson@yah00.biz,assert,assert
Shanda,McFadden,1975-08-08,8100657977,ShandasoMcFadden50,dono@ma1l2u.us,monster,monster
Haley,Gardner,1956-06-28,6473278289,HaleydoGardner75,manyi@ma1l2u.biz,rabbit,rabbit
Shawn,Blankenship,1982-03-20,1577019552,ShawnisBlankenship7,notext@gma1l.com,visions,visions
Carolyn,Stafford,1980-12-28,1639070498,CarolynaStafford2,theygood@b1zmail.biz,assert,assert
Lawrence,Collins,1974-03-11,2252661693,LawrencesoCollins40,jboone@ma1lbox.biz,wicket,wicket
Shelly,Zamora,1982-10-30,7963262106,ShellyaZamora4,itwill4@hotma1l.net,computer,computer
Kelly,Atkinson,1957-11-02,7077820624,KellyaAtkinson67,lmcintosh@gma1l.biz,something,something
Tracey,Hickman,1965-03-04,2069719675,TraceyofHickman1,nkerr@gma1l.co.uk,sacrifice,sacrifice
Nick,Acosta,1957-02-03,9136215655,NickIAcosta30,lightlots@ma1lbox.us,numbers,numbers
Heath,Glenn,1981-04-16,8707722580,HeathaGlenn67,clott52@ma1l2u.us,something,something
Paige,Irwin,1955-12-16,8392493337,PaigeitIrwin2,mbenson@b1zmail.org,sacrifice,sacrifice
Christoph,Miranda,1973-04-03,6850904617,ChristophIMiranda7,gserrano@yah00.net,wicket,wicket
Tashia,Reese,1958-02-10,4421447520,TashiaaReese7,adejesus@ma1l2u.org,through,through
Robbie,Barnes,1977-08-12,7576126586,RobbieofBarnes2,diedhandled@b1zmail.com,computer,computer
Megan,Bishop,1962-09-19,5001756648,MeganaBishop5,willsacrifice@gma1l.us,library,library
Duane,Hooper,1977-08-14,7799931918,DuaneitHooper78,treesassert@hotma1l.co.uk,computer,computer
Steve,Huff,1963-06-30,6438784123,SteveIHuff5,lockdemanded@gma1l.us,assert,assert
Juanita,Lopez,1959-12-23,2227824847,JuanitaILopez62,ghostgenerated36@somema1l.biz,numbers,numbers
Amanda,Levine,1984-03-08,3721975301,AmandatoLevine21,captainof41@ma1l2u.biz,something,something
Sally,Castillo,1973-10-25,6096708189,SallyasCastillo31,jhunter@b1zmail.co.uk,rescue,rescue
Tabatha,McKnight,1964-11-14,9887554587,TabathaaMcKnight1,withwindow@ma1l2u.com,library,library
Joanne,McNeil,1962-02-09,7927425507,JoanneIMcNeil5,ofpique@ma1lbox.com,rabbit,rabbit
Darla,Owens,1975-05-12,7637189277,DarlaaOwens35,ehenson@hotma1l.com,rescue,rescue
Miranda,Shepard,1964-03-28,7726394499,MirandadoShepard4,wasto@everyma1l.net,library,library
Duane,Knowles,1973-05-31,22951692,DuaneaKnowles1,koconnor@somema1l.com,secretly,secretly
Vicky,Burris,1971-12-03,4869630935,VickyaBurris8,generatedlibrary@somema1l.co.uk,library,library
Everett,Gentry,1972-02-14,7126480972,EverettIGentry5,textred@ma1l2u.co.uk,monster,monster
Nicholas,Sullivan,1980-09-23,6052491393,NicholastoSullivan61,ballwords50@everyma1l.org,banging,banging
Donna,Stafford,1976-03-08,3410474985,DonnaIStafford1,jtucker@ma1lbox.biz,computer,computer
Shanda,Hancock,1961-06-05,658913962,ShandaisHancock0,alwaysbooks@hotma1l.biz,something,something
Doug,Griffin,1957-12-26,8958987230,DougaGriffin7,vrutledge@hotma1l.us,interest,interest
Christopher,Norris,1981-05-09,5280960455,ChristopherINorris09,smokeend@ma1lbox.com,sidekick,sidekick
Rebecca,Reilly,1960-07-09,8024497922,RebeccaasReilly7,suspenseare@gma1l.net,sidekick,sidekick
Pamela,West,1971-06-11,4297324530,PamelaIWest0,throughthey@ma1l2u.com,computer,computer
Chelsea,Potter,1976-12-09,2379265132,ChelseaaPotter7,lockwrite@somema1l.biz,sacrifice,sacrifice
Jake,Elliott,1963-08-13,474711353,JakeIElliott3,tookin@everyma1l.com,through,through
Abby,Kim,1961-03-12,3636434667,AbbyitKim7,jmack@yah00.biz,should,should
Ginger,McKnight,1959-09-29,830372839,GingertoMcKnight9,whatwe@ma1lbox.us,sacrifice,sacrifice
Francis,Newman,1984-11-05,6219942227,FrancisINewman09,cbeach@gma1l.com,sacrifice,sacrifice
Jeffery,Rocha,1966-03-22,5160992761,JefferyIRocha3,constantlyit@somema1l.org,visions,visions
Nathan,Workman,1973-02-21,4864403561,NathansoWorkman3,ecantu@gma1l.biz,ending,ending
Joe,Vasquez,1969-11-26,6874601894,JoeIVasquez80,hotending68@somema1l.us,something,something
Glen,Larsen,1975-02-07,894007180,GlenaLarsen64,magneticsill@ma1l2u.biz,library,library
Joseph,Santiago,1979-06-25,6407363047,JosephaSantiago96,boonwhat@yah00.net,computer,computer
Faith,Lindsey,1957-04-09,5508693755,FaithaLindsey8,insidekick99@everyma1l.co.uk,interest,interest
Kelly,Armstrong,1958-03-03,6605306881,KellyofArmstrong53,shepherdit@ma1l2u.com,secretly,secretly
Virginia,McLean,1967-05-27,1000386434,VirginiaaMcLean9,froma@everyma1l.us,captain,captain
Jonathan,Perez,1955-09-28,8661577485,JonathanonPerez76,slevy@b1zmail.us,island,island
Charlene,Peck,1978-12-16,2170379436,CharleneitPeck72,dpacheco@hotma1l.us,window,window
Joe,Guthrie,1970-08-16,8435982482,JoeIGuthrie9,mestes@gma1l.com,something,something
Johnny,Pugh,1974-09-28,1325641011,JohnnynoPugh15,askedthey14@gma1l.com,computer,computer
Chester,Spencer,1979-08-28,9703433733,ChesterISpencer54,badlyill@somema1l.org,secretly,secretly
Chris,Flynn,1957-06-19,1322822440,ChrisofFlynn6,gtyler81@yah00.net,sacrifice,sacrifice
Troy,Wheeler,1977-05-22,7134740305,TroyIWheeler62,jsteele@ma1lbox.biz,trying,trying
Harold,Dale,1965-06-19,8092412493,HaroldaDale78,tlivingston@gma1l.org,demanded,demanded
Brandy,Valentine,1977-08-07,3722005038,BrandydoValentine9,cprince@gma1l.net,captain,captain
Ellen,Stevens,1973-09-10,531562328,EllenaStevens8,jcervantes@yah00.us,something,something
Albert,Snow,1973-10-24,1070752118,AlbertofSnow97,tfox83@somema1l.com,secretly,secretly
Jim,Kennedy,1982-06-18,7504102060,JimaKennedy2,showmagnetic99@somema1l.us,wicket,wicket
Julia,Pennington,1980-10-12,3239892236,JuliaaPennington43,willassert@everyma1l.biz,sacrifice,sacrifice
Billie,Walker,1957-11-02,2802396489,BillieaWalker5,hgarrett@hotma1l.org,island,island
Everett,Gilliam,1972-01-24,9492683356,EverettsoGilliam2,vramos@somema1l.org,suspense,suspense
Trevor,Simon,1969-05-31,50813422,TrevorweSimon27,wskinner@ma1lbox.com,visions,visions
Christian,House,1981-07-17,1955988903,ChristiantoHouse22,tbeck@b1zmail.us,sacrifice,sacrifice
Dan,Gonzalez,1963-07-16,9685653781,DanasGonzalez4,mlarson@ma1l2u.co.uk,rescue,rescue
Kaylee,Richards,1956-03-06,7230663320,KayleeofRichards91,inweb@b1zmail.com,secretly,secretly
Joshua,McCormick,1983-03-29,1874573460,JoshuaaMcCormick74,aslist@b1zmail.biz,library,library
Janet,Montgomery,1971-08-07,6024654114,JanetIMontgomery85,jburgess9@somema1l.com,sacrifice,sacrifice
Chase,Wilkinson,1973-08-13,8639384666,ChaseweWilkinson99,weblibrary@yah00.us,library,library
Kathy,Keller,1980-11-11,8861845722,KathydoKeller84,toworn@hotma1l.net,something,something
Arthur,Chang,1973-07-17,2721931557,ArthurofChang82,it'scode34@somema1l.com,something,something
Unborn,Browning,1972-06-08,6585626196,UnbornisBrowning97,within@everyma1l.net,library,library
Shelly,McNeil,1973-07-13,1456249250,ShellyIMcNeil86,untilweb@ma1l2u.com,rabbit,rabbit
Tracey,Estes,1967-05-26,1109467748,TraceyaEstes53,ehicks@ma1l2u.co.uk,sacrifice,sacrifice
Gary,Lane,1976-09-09,4846091814,GarydoLane44,gvinson70@everyma1l.org,library,library
Abigail,Curtis,1963-12-25,8119920806,AbigailtoCurtis30,secretlyare@yah00.net,library,library
Lawrence,McLean,1965-06-04,6506448585,LawrenceIMcLean50,windowending@gma1l.co.uk,waited,waited
Christian,Williams,1964-02-19,8113512048,ChristianaWilliams0,chayes@b1zmail.co.uk,interest,interest
Heather,Gonzalez,1974-03-04,5934732190,HeatherIGonzalez42,krodriguez@hotma1l.org,sacrifice,sacrifice
Robbie,Cole,1981-04-09,8217088880,RobbieICole81,ggonzales88@ma1lbox.us,sacrifice,sacrifice
Louis,Bauer,1963-12-16,7776281270,LouisIBauer38,abouttook70@yah00.org,computer,computer
Corey,Hull,1961-03-02,7459273027,CoreyofHull4,efranks@somema1l.co.uk,monster,monster
Martin,Bradley,1962-03-25,3064685859,MartininBradley7,rwoods@ma1lbox.biz,something,something
Matt,Mercado,1976-07-17,2021019442,MattaMercado0,wewith63@ma1lbox.biz,sacrifice,sacrifice
Marty,Arnold,1967-04-05,8371262924,MartyweArnold8,hchang@ma1lbox.co.uk,library,library
Sherry,Silva,1962-11-29,457273639,SherrysoSilva77,jhess53@b1zmail.org,captain,captain
Sherri,Joyce,1964-11-11,3051820763,SherriisJoyce88,fdoyle@yah00.com,sacrifice,sacrifice
Teresa,Kent,1970-07-05,7840276135,TeresaisKent9,peopleman32@ma1lbox.net,secretly,secretly
Anthony,Pacheco,1980-02-19,6517665732,AnthonyaPacheco2,syoung@ma1lbox.org,sacrifice,sacrifice
Beverly,Warner,1969-01-29,171020424,BeverlyitWarner4,endstrees@ma1l2u.com,assert,assert
Martha,Warren,1978-06-18,5503440653,MarthaaWarren15,aredays@gma1l.biz,generated,generated
Bradley,Glenn,1956-01-28,3854069409,BradleyaGlenn5,arethey@b1zmail.com,ending,ending
Amy,Myers,1982-05-17,884118756,AmyitMyers0,banginglost@gma1l.biz,secretly,secretly
Savannah,Vinson,1959-04-16,3669591913,SavannahIVinson66,lockmoved@b1zmail.net,sacrifice,sacrifice
Seth,Calderon,1959-04-27,7130452620,SethdoCalderon9,tnorman@ma1lbox.co.uk,sacrifice,sacrifice
Bradley,Nunez,1962-05-14,6205778262,BradleyINunez93,bedwards@ma1l2u.org,people,people
Matt,Ayala,1976-09-17,4354128762,MattIAyala08,tocame@b1zmail.org,computer,computer
Stephanie,Cummings,1962-01-04,8742335430,StephanieofCummings15,monsterwrite@yah00.com,generated,generated
Antonio,Grant,1965-11-28,9813349876,AntonioIGrant15,headphoneswrong@everyma1l.co.uk,trying,trying
Dominic,Workman,1983-06-01,7798296290,DominicisWorkman8,dyang42@ma1l2u.net,interest,interest
Paige,Perry,1956-09-20,7840969467,PaigeinPerry4,wordswords42@everyma1l.net,assert,assert
Norman,Melton,1972-08-15,5880872674,NormanIMelton0,endsmoke@yah00.us,sacrifice,sacrifice
Randall,Rosa,1958-02-25,9733941788,RandallIRosa7,bhanson@b1zmail.us,visions,visions
Ricky,Buck,1978-05-23,1905026068,RickyaBuck53,ndoyle@ma1lbox.net,sacrifice,sacrifice
Kelly,Rose,1969-05-13,4605594802,KellyaRose5,cfernandez@yah00.org,numbers,numbers
Kathleen,Jarvis,1979-09-01,8406559389,KathleenaJarvis34,wordsor maybe@ma1l2u.biz,assert,assert
Daniel,Garrett,1972-06-30,8534852054,DanielofGarrett0,hatchtrying@b1zmail.us,something,something
Deanna,Glover,1961-04-09,6565237621,DeannaitGlover07,jarmstrong90@somema1l.us,numbers,numbers
Norma,McClain,1982-04-11,3925494492,NormaofMcClain8,cshepherd34@ma1l2u.us,wicket,wicket
Tia,Potter,1969-04-25,4931672131,TiaaPotter12,iharrington@ma1lbox.org,island,island
Marlene,Jenkins,1963-09-07,7551947993,MarleneitJenkins6,muchcaptain59@hotma1l.us,should,should
Kelsey,Clarke,1981-02-19,4153760155,KelseyaClarke00,asantana@hotma1l.net,rabbit,rabbit
Zachary,Hardy,1972-08-09,4525381856,ZacharyIHardy95,sacrificethey@b1zmail.com,always,always
Cassandra,Cote,1957-12-27,6173155032,CassandraweCote73,jmckee@b1zmail.us,rescue,rescue
Angela,Sheppard,1982-07-17,7675071347,AngelaISheppard59,eroy@gma1l.com,should,should
Dakota,Preston,1958-08-24,48605653,DakotawePreston41,treesdied@hotma1l.co.uk,computer,computer
Katrina,Moses,1955-10-14,4588564679,KatrinatoMoses5,mgill@hotma1l.biz,something,something
Joel,Stokes,1977-03-08,6421316633,JoelIStokes5,sitsbadly@yah00.co.uk,something,something
Alicia,Edwards,1978-10-10,5845880281,AliciaaEdwards83,willcame@ma1lbox.us,computer,computer
Norman,Palmer,1973-03-16,1943175133,NormaninPalmer5,whata@gma1l.co.uk,sacrifice,sacrifice
Kris,Sandoval,1961-08-22,493447020,KrisaSandoval1,bjones@everyma1l.biz,secretly,secretly
Tabatha,Heath,1963-10-24,4434516205,TabathaweHeath7,phamilton@somema1l.net,assert,assert
Ryan,Long,1981-08-25,1734206991,RyanasLong32,wantlist@yah00.net,visions,visions
Terri,Barron,1962-11-27,3726454406,TerriIBarron16,dreamsasked@gma1l.us,something,something
Bobby,Orr,1958-10-28,7081961492,BobbyIOrr78,foundelse28@gma1l.com,monster,monster
Jeremiah,Gill,1977-05-18,3070661993,JeremiahtoGill7,ontrying@b1zmail.com,sacrifice,sacrifice
Dustin,Bishop,1966-03-21,7995583965,DustinIBishop16,dclemons@yah00.co.uk,secretly,secretly
Skyler,Roberson,1970-08-25,888248149,SkyleraRoberson88,bforeman@gma1l.us,trying,trying
Phyllis,Robbins,1984-08-22,8566091873,PhyllisIRobbins27,tandrews@everyma1l.co.uk,sacrifice,sacrifice
Phyllis,Holcomb,1958-03-01,7278716892,PhyllisonHolcomb7,lockshow@somema1l.net,window,window
Terry,Jordan,1982-10-20,4846699466,TerryaJordan34,cpollard46@b1zmail.us,visions,visions
Darlene,Guthrie,1956-05-20,5756002831,DarleneorGuthrie13,textsits@b1zmail.com,something,something
Harry,Jennings,1978-12-01,7234525826,HarryofJennings1,issacrifice@everyma1l.co.uk,library,library
Cody,Woods,1974-05-31,4465124937,CodytoWoods1,despinoza@ma1l2u.co.uk,library,library
Tracy,Acosta,1958-02-28,4325965868,TracyIAcosta03,spittman@hotma1l.com,secretly,secretly
Alicia,Summers,1955-10-11,7257021240,AliciaaSummers8,writecame@hotma1l.net,library,library
Frank,Scott,1975-07-11,2714357585,FrankIScott21,textwas40@ma1l2u.biz,rabbit,rabbit
Kathy,Buckner,1979-06-04,2946494965,KathyIBuckner83,jortega26@yah00.us,sacrifice,sacrifice
Melody,Hopkins,1959-11-10,947674987,MelodyweHopkins84,apotts@ma1l2u.co.uk,through,through
Derrick,Barlow,1965-10-01,9332092191,DerrickIBarlow5,lkim@hotma1l.org,something,something
Craig,Blevins,1967-01-16,2619790333,CraigaBlevins77,hdrake@ma1lbox.biz,secretly,secretly
Rod,Vaughn,1966-02-07,7823420678,RodIVaughn4,wcervantes@everyma1l.co.uk,numbers,numbers
Sean,Daugherty,1956-02-11,1532526730,SeanaDaugherty3,dwooten@yah00.org,sacrifice,sacrifice
Darren,Foley,1966-11-22,3625907956,DarrenaFoley9,clamb@everyma1l.net,assert,assert
Ginger,Flowers,1982-08-22,8683522086,GingerdoFlowers04,hotspeed@b1zmail.net,interest,interest
Antonio,Santos,1981-12-22,8033318209,AntonioitSantos7,awells45@yah00.co.uk,sacrifice,sacrifice
Mason,Boyer,1968-09-07,9503010727,MasonIBoyer70,aholloway@ma1lbox.co.uk,wicket,wicket
Rachael,Valencia,1960-05-27,5504910355,RachaelaValencia66,hotno93@gma1l.net,wicket,wicket
Derrick,William,1984-11-07,7224039582,DerrickinWilliam6,avelez@ma1l2u.co.uk,secretly,secretly
Paula,Lowe,1984-10-18,5044775324,PaulaILowe24,nkennedy91@b1zmail.net,should,should
Roberta,Mercado,1964-10-02,3214987021,RobertatoMercado3,camebooks@ma1lbox.biz,ending,ending
Maria,David,1970-07-20,7641908868,MariaaDavid6,jwoods68@yah00.biz,library,library
Wendy,Gonzalez,1979-08-06,1429264530,WendyIGonzalez2,askedthrough@somema1l.com,wicket,wicket
Casey,Cash,1971-07-23,1270773289,CaseyICash98,thiswords@hotma1l.biz,something,something
Devin,Rosales,1982-01-03,4317696726,DevinofRosales36,lharrison9@yah00.net,demanded,demanded
Nathan,Page,1958-12-10,3957253750,NathanofPage05,computerdo@ma1l2u.net,secretly,secretly
Paige,Mullen,1978-07-30,3836202498,PaigetoMullen5,rsnyder46@b1zmail.co.uk,sacrifice,sacrifice
Trevor,Robbins,1972-09-23,7014511455,TrevortoRobbins2,ckey@ma1lbox.net,sacrifice,sacrifice
Veronica,Nieves,1978-08-15,60684779,VeronicaINieves94,asheadphones@gma1l.biz,something,something
Russell,Farmer,1966-12-27,8070612554,RussellofFarmer42,whiletook@b1zmail.net,through,through
Victor,Hayes,1962-10-20,5855781847,VictorisHayes5,topeople@ma1l2u.org,visions,visions
Sheila,Willis,1969-05-27,9257687946,SheilaofWillis6,tnieves@somema1l.co.uk,something,something
George,Weeks,1971-02-06,2613547742,GeorgeisWeeks95,mbaird@gma1l.com,should,should
Mary ann,English,1981-02-08,8859576924,Mary annaEnglish4,incold@hotma1l.org,sidekick,sidekick
Nicholas,Winters,1958-07-09,9797154570,NicholasinWinters11,init@everyma1l.net,captain,captain
Lee,Ross,1976-01-29,3703665071,LeeitRoss39,dparker@gma1l.com,trying,trying
Frank,Nicholson,1977-09-28,1765044125,FrankINicholson9,anieves@everyma1l.biz,rescue,rescue
Tristan,Townsend,1979-11-23,4681761713,TristanmyTownsend9,webball@everyma1l.co.uk,trying,trying
Maria,Vaughn,1981-08-03,8715918939,MariaIVaughn79,twalton@ma1l2u.net,magnetic,magnetic
Kristina,Dalton,1976-06-15,5368836290,KristinaorDalton0,gcooke@ma1lbox.biz,computer,computer
Russ,Skinner,1976-02-03,553618035,RussaSkinner1,kschneider@hotma1l.us,computer,computer
Destiny,Cooper,1969-03-03,6687967985,DestinytoCooper57,rbarrera@everyma1l.com,secretly,secretly
Tracey,Gillespie,1965-01-24,7235563538,TraceyIGillespie3,badlyhat@gma1l.co.uk,captain,captain
Elaine,Foster,1974-01-30,3784972801,ElainetoFoster46,camebadly@gma1l.org,something,something
Betty,Larsen,1969-07-21,5120444450,BettyaLarsen73,fireis@b1zmail.biz,computer,computer
Ronald,Alvarez,1962-04-16,7346329278,RonaldaAlvarez84,ccolon@yah00.org,something,something
Carla,Fischer,1984-04-09,8236616718,CarladoFischer23,vray@hotma1l.us,sacrifice,sacrifice
Kaitlyn,Trujillo,1978-12-04,6424115142,KaitlynofTrujillo39,itrees24@yah00.org,library,library
Rebecca,Hopper,1968-01-14,257690217,RebeccaaHopper24,elseenter@everyma1l.biz,captain,captain
Shanda,Dillon,1975-03-18,7522441190,ShandaisDillon1,rgarner@ma1lbox.org,sacrifice,sacrifice
Aaron,Gaines,1955-09-19,9273757591,AaronIGaines3,crashsidekick@yah00.us,computer,computer
Randi,Bell,1977-09-04,1108190961,RandiaBell28,roomof@ma1l2u.org,generated,generated
Mandy,Ayala,1967-06-20,157104646,MandyinAyala07,magneticno69@b1zmail.us,computer,computer
Caleb,Green,1971-08-30,372125488,CalebisGreen3,framirez@somema1l.com,captain,captain
Karen,Frye,1983-10-18,8170024060,KarenaFrye3,hworkman@ma1lbox.us,sacrifice,sacrifice
Danielle,Paul,1955-04-17,2443226285,DanielleIPaul1,djuarez@ma1l2u.org,secretly,secretly
Brett,Wilder,1970-01-05,7217987452,BrettaWilder68,coldthis@everyma1l.us,visions,visions
Hunter,Haley,1969-10-19,7194616455,HunteraHaley2,roompique@hotma1l.us,should,should
Allen,Barker,1975-08-22,5615623406,AllenasBarker1,shepherdwhen@ma1l2u.net,captain,captain
Marilyn,Moody,1977-11-28,5802152282,MarilynisMoody5,elseprobably@somema1l.org,sacrifice,sacrifice
Stephen,Delgado,1974-07-30,8553606076,StephentoDelgado9,booksin10@gma1l.org,assert,assert
Clarence,Noble,1970-05-06,2211066772,ClarenceINoble51,dwelch7@hotma1l.org,secretly,secretly
Laura,Davidson,1971-12-20,8994522349,LauraIDavidson9,alwaysspeed@yah00.us,library,library
Max,Cooper,1967-06-12,1975239746,MaxtoCooper14,sbray@yah00.co.uk,secretly,secretly
Joel,Workman,1983-02-12,2886113515,JoelaWorkman64,theyopen@hotma1l.biz,trying,trying
Mary,Raymond,1959-09-04,950710981,MarytoRaymond83,ballpeople@yah00.net,island,island
Brent,Owen,1973-07-22,236238219,BrentIOwen7,skim@somema1l.co.uk,something,something
Walter,Calderon,1961-03-09,4153290052,WalteronCalderon2,jmorgan@b1zmail.us,secretly,secretly
Sandra,Harvey,1972-02-21,4403086498,SandraaHarvey2,kstanley41@b1zmail.com,captain,captain
Lewis,McCormick,1970-03-21,3890943748,LewisIMcCormick0,firenumbers@ma1lbox.us,secretly,secretly
Joey,McKinney,1984-12-16,6655749236,JoeyisMcKinney5,wicketcrash@ma1l2u.net,library,library
Albert,Shepherd,1959-10-24,4648438629,AlberttoShepherd2,csuarez@somema1l.com,visions,visions
Dennis,Ellis,1969-11-03,2639750889,DennisinEllis8,hatchgood91@somema1l.us,library,library
Tyler,Head,1970-07-15,2618273533,TyleraHead22,oflist@everyma1l.com,sacrifice,sacrifice
Jeff,Rowe,1977-11-18,6877046077,JeffasRowe8,dmorales@gma1l.co.uk,captain,captain
Rex,Todd,1968-05-11,3783786182,RexITodd45,bkemp@yah00.org,visions,visions
Stacey,Whitney,1977-09-11,6836443054,StaceyIWhitney0,vmccoy@gma1l.com,generated,generated
Candy,White,1955-12-01,8095186450,CandydoWhite3,nmays@ma1l2u.biz,monster,monster
Alyssa,Stewart,1965-01-10,6801426673,AlyssaIStewart16,jrush@yah00.us,sacrifice,sacrifice
Charles,Mays,1971-11-11,7628180913,CharlesaMays9,isship@yah00.co.uk,library,library
Samantha,Little,1977-08-26,8727086576,SamanthaonLittle25,bhickman@b1zmail.co.uk,library,library
Elaine,Graham,1961-06-23,2210486021,ElaineaGraham0,dpreston@yah00.net,library,library
Nancy,Zimmerman,1970-08-30,1945620627,NancyIZimmerman7,numberssill98@ma1l2u.co.uk,computer,computer
Debbie,Newton,1963-08-26,7453573528,DebbieinNewton0,showin@somema1l.net,sacrifice,sacrifice
Jenna,Hays,1960-05-12,3780945461,JennaofHays19,kcross@b1zmail.biz,computer,computer
Kathy,Callahan,1972-09-16,7381134041,KathyICallahan3,swright@hotma1l.co.uk,banging,banging
Cheryl,West,1955-11-03,117945179,CherylsoWest80,dweeks50@everyma1l.org,through,through
Denise,Macias,1965-03-26,9625915648,DeniseisMacias4,dmiles@yah00.com,secretly,secretly
Dylan,Noble,1961-10-01,7578907565,DylanaNoble4,uhowe@somema1l.net,sacrifice,sacrifice
Connie,Cherry,1964-02-03,7797751955,ConnieICherry26,dhorn@hotma1l.org,sacrifice,sacrifice
Jasmine,Massey,1975-09-30,854979729,JasmineaMassey2,whatto74@b1zmail.biz,trying,trying
Bryan,Lindsey,1971-01-20,7392722994,BryanaLindsey8,ccote@ma1lbox.co.uk,captain,captain
Jan,Harper,1975-04-19,4896652591,JanitHarper88,rbattle@ma1l2u.co.uk,something,something
Kaylee,Salas,1977-07-22,8785724798,KayleeaSalas04,wgarner@ma1lbox.org,assert,assert
Nancy,Parker,1977-08-28,7833924574,NancyaParker5,redpeople@somema1l.com,visions,visions
Annette,Maxwell,1976-01-20,6506391765,AnnetteofMaxwell0,theyin@everyma1l.net,should,should
Victoria,Livingston,1972-07-18,5170869348,VictoriaILivingston8,wassecretly@hotma1l.org,through,through
Becky,Fitzpatrick,1972-12-07,1540957597,BeckyisFitzpatrick7,lbailey@b1zmail.com,always,always
Toni,Gonzalez,1974-05-23,2860094321,TonidoGonzalez75,dreamspique@everyma1l.us,sacrifice,sacrifice
Rex,Maynard,1976-11-07,6669223068,RexofMaynard3,goodshow@ma1lbox.com,should,should
Cindy,Benson,1967-02-16,1098155812,CindyitBenson69,sacrificecame@gma1l.co.uk,library,library
Darren,Roman,1956-10-18,2065367606,DarrenitRoman8,askeddad@yah00.us,monster,monster
Fred,Ruiz,1967-01-22,9077303020,FredtoRuiz3,wrongsuspense@ma1l2u.biz,library,library
Keith,Gamble,1975-03-08,1055626403,KeithaGamble8,tryingothers@ma1l2u.biz,through,through
Lloyd,McCarthy,1982-07-28,1529890344,LloydIMcCarthy5,inmany80@ma1l2u.com,trying,trying
Alissa,Gallegos,1969-09-13,4385154703,AlissadoGallegos55,computeri@yah00.com,library,library
Walter,Sparks,1978-10-14,6675451540,WalteraSparks94,whilecame@ma1lbox.us,library,library
Christina,Montoya,1973-05-07,4228639170,ChristinaIMontoya93,somethingmy@everyma1l.com,sacrifice,sacrifice
Kristy,Willis,1980-05-14,3413897463,KristyitWillis30,djuarez@everyma1l.biz,captain,captain
Angie,Horton,1981-01-17,9238369589,AngieIHorton4,brivers@ma1l2u.us,waited,waited
Duane,Parker,1983-04-28,8482602160,DuaneisParker69,ondreams@everyma1l.us,always,always
Tony,Farrell,1981-12-30,4359006745,TonyIFarrell43,kgillespie@yah00.biz,assert,assert
Nancy,Cruz,1981-10-01,4835092132,NancysoCruz6,enterof@everyma1l.biz,secretly,secretly
Gary,Irwin,1983-12-09,1454662846,GaryinIrwin95,wasor maybe@gma1l.us,computer,computer
Destiny,Ashley,1982-06-04,9121241959,DestinysoAshley6,whitemy84@somema1l.org,sacrifice,sacrifice
Ronda,Frye,1959-12-16,5802776910,RondaIFrye08,silldo@b1zmail.biz,visions,visions
Mindy,Barrera,1984-06-22,7268656428,MindyIBarrera20,cfloyd8@b1zmail.co.uk,library,library
Katie,Love,1964-08-14,1947949698,KatietoLove89,sohid@ma1l2u.co.uk,should,should
Brent,Hyde,1982-09-23,1158367837,BrentIHyde0,scarter@yah00.co.uk,library,library
Mindy,Beasley,1970-10-05,9538208656,MindyaBeasley90,tgonzalez@b1zmail.com,captain,captain
Margaret,Boyle,1961-07-16,34078543,MargaretaBoyle58,garmstrong63@ma1lbox.biz,captain,captain
Jenna,Patrick,1969-12-31,3441253254,JennaaPatrick74,wicketgenerated12@ma1l2u.co.uk,interest,interest
Dakota,Reeves,1977-05-18,1189061494,DakotaIReeves0,epadilla52@everyma1l.net,monster,monster
Dale,Cole,1961-05-30,5772360173,DaleofCole21,peoplewe@yah00.org,something,something
Eugene,Richards,1983-06-29,5809639661,EugeneIRichards5,lstuart28@somema1l.org,trying,trying
Leonard,Lowe,1984-05-27,2786808235,LeonardaLowe4,illthey@somema1l.org,rabbit,rabbit
Cynthia,Weber,1973-10-26,9635199627,CynthiamyWeber79,outa@b1zmail.com,monster,monster
Jodi,Dixon,1977-11-19,7556805972,JodiofDixon18,writeto@hotma1l.co.uk,ending,ending
Ginger,Tate,1983-02-01,5370057083,GingeraTate0,camehave@ma1l2u.net,interest,interest
Jason,Cote,1971-04-14,5728791893,JasoninCote87,untilwe@somema1l.us,through,through
Erika,Marquez,1984-06-11,8311967522,ErikadoMarquez2,sodied@gma1l.net,should,should
Kendra,Guthrie,1972-12-01,5830591548,KendraaGuthrie3,mgood@somema1l.biz,assert,assert
Thomas,Valdez,1982-10-24,9877750335,ThomasaValdez1,cflores53@everyma1l.com,computer,computer
Ted,Wheeler,1976-10-10,6005466997,TedIWheeler53,hadcrash@hotma1l.co.uk,interest,interest
Tiffany,Peters,1958-12-10,5612671995,TiffanyaPeters14,listship@b1zmail.biz,computer,computer
Scott,Mullins,1976-11-09,4470925095,ScottIMullins49,noball@ma1lbox.us,library,library
Loretta,McLean,1976-09-03,1619227909,LorettaofMcLean4,cmoreno@everyma1l.us,monster,monster
Todd,Barlow,1978-04-20,8254574605,ToddaBarlow95,cameof46@ma1l2u.biz,secretly,secretly
Eugene,Barry,1984-10-12,212055406,EugeneitBarry4,ofdiscovered83@yah00.us,island,island
Tracy,Burt,1982-03-22,5200100657,TracyaBurt18,weis@everyma1l.org,something,something
Sharon,Morales,1964-02-28,6239879195,SharonisMorales42,theyto82@b1zmail.us,sidekick,sidekick
Cathy,Gaines,1966-06-26,6530496610,CathyIGaines14,mfitzgerald@hotma1l.net,window,window
Heath,Sharpe,1975-12-06,8227659280,HeathdoSharpe48,dcherry@gma1l.com,secretly,secretly
Casey,Bonner,1966-03-21,9756364174,CaseyaBonner64,slamb@b1zmail.com,wicket,wicket
Barbara,Becker,1979-03-15,7992885670,BarbaraofBecker6,eknowles@hotma1l.com,secretly,secretly
Clara,Cohen,1962-07-16,2192722086,ClaraICohen7,jkeller@hotma1l.org,secretly,secretly
Sarah,Livingston,1957-09-16,511488402,SarahisLivingston88,bmann37@everyma1l.net,library,library
Lawrence,Clark,1980-02-25,324358496,LawrenceofClark20,kpowell@ma1l2u.net,interest,interest
Rachael,Pruitt,1973-10-14,1142979863,RachaelofPruitt10,rbeck@everyma1l.org,should,should
Russell,Bruce,1971-01-29,9741161869,RussellaBruce77,wpena@ma1lbox.com,wicket,wicket
Sierra,Reese,1970-05-02,8944024601,SierraaReese27,withtrying@gma1l.biz,something,something
Darren,Franco,1973-09-01,5287763153,DarrenIFranco05,suspensewill@somema1l.co.uk,numbers,numbers
Rachel,Lloyd,1960-12-31,4561834418,RachelILloyd2,jspence@ma1l2u.net,sacrifice,sacrifice
Kristy,Yates,1982-05-13,1587210597,KristytoYates5,doheadphones45@hotma1l.com,visions,visions
Jeremiah,Wooten,1959-05-25,7411117320,JeremiahaWooten47,thesits@ma1l2u.biz,computer,computer
Phillip,Baker,1961-01-18,2491395435,PhillipIBaker69,smorris@yah00.us,something,something
Drew,Kinney,1963-06-22,3085099168,DrewasKinney84,wicketmy@ma1l2u.co.uk,sacrifice,sacrifice
Brooklyn,Jones,1978-08-06,2772690994,BrooklynasJones5,awhat@ma1lbox.net,visions,visions
Elaine,Dominguez,1959-12-29,5335599096,ElainetoDominguez57,nruiz@everyma1l.com,wicket,wicket
Cody,Jefferson,1984-05-12,3164918983,CodyIJefferson38,openpique84@ma1lbox.com,interest,interest
Todd,House,1983-08-31,6331156543,ToddisHouse6,wherered86@yah00.org,assert,assert
Susan,Conner,1975-06-03,2425590998,SusaninConner3,hwhitney@hotma1l.net,library,library
Dana,Albert,1980-07-15,4402617660,DanaaAlbert9,adeleon@hotma1l.us,something,something
Barb,Harding,1958-12-16,153985171,BarbaHarding1,havesits@b1zmail.biz,always,always
Mark,Walters,1973-06-16,4163540078,MarktoWalters5,manare@b1zmail.biz,probably,probably
Julie,Good,1976-08-24,336744940,JulieitGood2,rlindsay@yah00.co.uk,sacrifice,sacrifice
Gage,Glover,1961-02-19,998089470,GageaGlover69,hwilliams21@b1zmail.co.uk,monster,monster
Darla,Buckley,1958-12-20,1525855734,DarlaaBuckley0,textmoved@ma1lbox.net,library,library
Annette,Guthrie,1969-09-18,281544903,AnnetteitGuthrie4,cpickett@everyma1l.net,demanded,demanded
Jenna,Lowery,1966-12-17,3517085982,JennasoLowery1,visionsdo@hotma1l.biz,secretly,secretly
Andy,Hart,1964-06-14,6219118614,AndydoHart0,tslater33@b1zmail.org,computer,computer
Dylan,Day,1976-02-24,6333699647,DylanorDay0,probablydemanded@everyma1l.org,computer,computer
Margaret,Jimenez,1961-03-30,2541875942,MargaretIJimenez90,dayers11@gma1l.com,sacrifice,sacrifice
Bethany,Joyner,1976-07-22,4532029690,BethanyinJoyner7,ttownsend@everyma1l.net,waited,waited
Derrick,Newton,1972-04-14,7194840725,DerrickinNewton18,whatisland@ma1l2u.com,suspense,suspense
Marcus,Wood,1980-04-30,2690324638,MarcusIWood38,kmendez@hotma1l.net,visions,visions
Raymond,Serrano,1981-05-05,3346718871,RaymondisSerrano6,lsavage@ma1lbox.com,interest,interest
Unborn,Bryant,1971-11-12,7002753472,UnbornnoBryant15,bfaulkner@b1zmail.com,banging,banging
Judy,Hensley,1974-05-27,7398013993,JudyonHensley9,tnorman@ma1l2u.org,sacrifice,sacrifice
Christina,Morales,1968-06-09,4233413406,ChristinasoMorales3,holdpique@b1zmail.biz,visions,visions
Elaine,Christian,1970-12-22,7575068391,ElaineaChristian3,sothey@b1zmail.us,generated,generated
Charlene,Van halen,1955-10-21,8522996186,CharleneIVan halen9,vosborne@ma1l2u.com,sacrifice,sacrifice
Barbara,Lane,1973-06-13,905107780,BarbaraonLane7,manautomatically@ma1l2u.org,library,library
Ron,Ratliff,1973-05-06,3466177977,RoninRatliff18,wordsit@somema1l.us,library,library
Jordan,Rios,1955-10-03,1827626847,JordanaRios92,apuckett@ma1l2u.com,sacrifice,sacrifice
Chuck,Wells,1955-09-19,5137601174,ChuckonWells02,vmcdaniel@yah00.com,library,library
Earl,Sheppard,1972-06-16,7255868768,EarlaSheppard6,doconstantly@yah00.co.uk,through,through
Tiffany,Warren,1966-05-25,7578380138,TiffanyitWarren09,hidlots@yah00.com,assert,assert
Dave,Delaney,1964-10-01,781906194,DaveitDelaney2,sofaweb@hotma1l.co.uk,always,always
Erin,Glass,1978-06-27,1251721909,ErinaGlass9,rward@everyma1l.org,sacrifice,sacrifice
Thelma,Mathis,1981-03-12,3529918872,ThelmaitMathis2,kgrimes@gma1l.us,through,through
Crystal,Francis,1969-09-29,1145282063,CrystalaFrancis0,generatedbuild66@ma1l2u.biz,window,window
Derek,Russell,1969-03-21,282878881,DerekaRussell01,mmoore90@ma1l2u.org,secretly,secretly
Raymond,Coleman,1981-12-24,2972020335,RaymondweColeman25,cpotts@gma1l.org,secretly,secretly
Gregory,Hammond,1964-03-05,6865949515,GregorytoHammond92,kfrost0@everyma1l.us,generated,generated
Kyle,Reyes,1974-04-30,9318294994,KyleIReyes6,weit@gma1l.com,waited,waited
Lawrence,Padilla,1962-10-06,8738696671,LawrenceIPadilla18,apace@yah00.co.uk,computer,computer
Wayne,Landry,1956-04-07,6982624901,WayneaLandry63,worldwhat@ma1l2u.us,something,something
Destiny,Guy,1965-09-28,6861137875,DestinyIGuy8,openassert30@ma1l2u.net,demanded,demanded
David,Beasley,1979-09-16,1994946814,DavidinBeasley0,willwhite@gma1l.net,secretly,secretly
Joann,Franklin,1976-01-09,6016880073,JoannweFranklin86,lmclean17@b1zmail.us,library,library
Sierra,Acevedo,1963-05-17,1416906755,SierraIAcevedo06,fromopen@b1zmail.net,captain,captain
Chastity,Pearson,1957-09-17,9549497860,ChastityIPearson3,ksloan@somema1l.co.uk,sacrifice,sacrifice
Sherry,Berg,1973-05-28,3129022108,SherryweBerg32,automaticallyman@somema1l.us,sacrifice,sacrifice
Tyler,Dejesus,1974-03-30,1870948067,TyleraDejesus5,dquinn@ma1l2u.org,island,island
Evelyn,Pollard,1980-04-24,5147262269,EvelynofPollard1,onrescue@everyma1l.us,interest,interest
Kelsey,Lancaster,1982-12-06,9366087220,KelseyweLancaster2,bjackson@yah00.net,monster,monster
Penny,Holden,1979-11-13,1621612049,PennyIHolden1,kray@everyma1l.com,something,something
Vickie,Gibson,1964-08-05,7101353352,VickiesoGibson6,lotsso8@yah00.org,sacrifice,sacrifice
Jessie,Barlow,1973-04-06,5005945082,JessieIBarlow3,tmckinney@ma1l2u.org,rescue,rescue
Dale,Best,1984-03-14,3877131485,DaleIBest68,shipkeys@hotma1l.biz,computer,computer
Kris,Navarro,1978-03-07,778725936,KrisINavarro64,incomputer@hotma1l.net,island,island
Jennifer,Shepherd,1974-05-21,9078494024,JenniferaShepherd2,pcox@ma1lbox.co.uk,computer,computer
Linda,Spears,1959-11-23,3936518505,LindaISpears70,ghostconstantly@hotma1l.org,sacrifice,sacrifice
