Lindsey,Craft,1976-05-20,1828450843,LindseyweCraft2,headphoneswhen21@everyma1l.co.uk,visions,1,2500
Madison,Macias,1965-09-09,9146009149,MadisonaMacias65,jmayo@hotma1l.us,interest,2,2700
Raymond,Sloan,1965-11-29,7407842397,RaymondorSloan5,suspensediscovered@ma1lbox.co.uk,something,3,2900
Leslie,Reilly,1982-09-04,7945331374,LeslieaReilly47,willwrong@somema1l.org,through,4,3000
Clint,Hernandez,1966-04-11,2339563418,ClintinHernandez2,headphonessecretly@b1zmail.com,visions,5,3000
Vernon,Holman,1958-08-07,2291639443,VernonIHolman3,cramsey@ma1lbox.us,visions,6,3100
Alyssa,William,1966-09-11,1043370126,AlyssaaWilliam9,mbaird@gma1l.biz,sacrifice,7,3400
Martha,Combs,1968-06-04,7446489413,MarthaaCombs1,diedworld@somema1l.co.uk,something,8,3200
Darla,Horn,1967-05-02,7127317976,DarlaorHorn5,lightsits35@yah00.net,assert,9,3300
Ray,Bates,1966-02-07,3475822439,RayaBates8,rbird@gma1l.us,visions,10,3000
Craig,Avila,1955-03-31,9765483748,CraigasAvila81,it'snumbers@ma1l2u.us,something,11,2700
Katherine,Patton,1955-12-17,1119450302,KatherineinPatton5,dcasey@yah00.us,through,12,2700
Darrell,Cobb,1984-01-11,4645695578,DarrelltoCobb4,mbrooks@yah00.org,people,13,3200
Denise,Davidson,1965-01-05,1249249563,DenisetoDavidson6,gwilkinson@b1zmail.co.uk,ending,14,2200
Brett,Salinas,1968-10-14,9389875756,BrettISalinas67,hotof@ma1lbox.com,sacrifice,15,2900
Sheila,Velez,1958-06-01,8029702249,SheilaIVelez4,rwarner63@yah00.co.uk,probably,16,3100
Julia,Buck,1979-04-04,4424103338,JuliaorBuck5,rpatton@somema1l.com,sacrifice,17,3200
Alexandra,Duffy,1961-11-19,3829688382,AlexandratoDuffy91,throughi@yah00.biz,assert,18,3000
Shaun,Espinoza,1966-06-27,6780768042,ShaunIEspinoza4,inlibrary89@yah00.org,should,19,2900
Gage,Barr,1974-07-05,0475049832,GageaBarr57,lhopper@ma1l2u.us,sacrifice,20,2800
Jill,Kelly,1967-05-16,4195520865,JillaKelly9,automaticallywhat47@gma1l.biz,sacrifice,21,2600
Mandy,Barber,1974-10-24,8448615393,MandyofBarber07,gmaxwell@b1zmail.co.uk,island,22,2900
Glenn,Navarro,1982-10-14,8194472086,GlennofNavarro96,dbarnes@b1zmail.org,captain,23,2900
Rhonda,James,1972-11-04,0348593998,RhondatoJames0,boonsecretly85@b1zmail.com,something,24,2700
Robbie,Lowe,1957-10-23,0970056279,RobbieofLowe5,aredo67@ma1lbox.biz,sacrifice,25,3500
Curtis,Reilly,1961-04-22,9203292001,CurtistoReilly88,davery@hotma1l.net,secretly,26,2300
Maria,Stanton,1978-08-25,4597477626,MariaitStanton28,talvarez@hotma1l.com,something,27,2900
Katrina,Marks,1976-10-12,9111489353,KatrinatoMarks7,bfernandez@hotma1l.org,assert,28,3300
Olivia,Beach,1963-05-19,5013307022,OliviainBeach5,tcolon96@ma1lbox.com,sacrifice,29,2700
Hannah,Johns,1959-07-06,0054789493,HannahIJohns02,ppugh@hotma1l.us,sacrifice,30,2800
Whitney,Higgins,1967-10-28,0834617490,WhitneytoHiggins69,rhester@ma1lbox.us,sidekick,31,2400
Shawn,Holland,1960-04-20,9896628530,ShawnaHolland34,holdto65@hotma1l.org,interest,32,2600
Susan,Nolan,1959-01-29,8087710055,SusanaNolan45,cmiller@hotma1l.com,wicket,33,2700
Toni,Rowland,1963-09-21,1576794700,ToniIRowland2,aboutin@yah00.net,secretly,34,3100
Joann,Hamilton,1984-08-25,2294606030,JoannaHamilton2,probablysmoke@somema1l.org,dreams,35,3300
Wyatt,Bartlett,1959-09-16,4609805701,WyattinBartlett4,visionsenter8@b1zmail.biz,island,36,2600
Dillon,Sweet,1960-09-06,2961585478,DillononSweet4,vpitts@ma1lbox.co.uk,visions,37,2400
Larry,Berry,1964-05-13,4791506142,LarrydoBerry2,sacrificetook@yah00.us,interest,38,3100
Kevin,Owen,1970-12-18,4351852518,KevinaOwen1,crashlock@b1zmail.net,library,39,2900
Stacey,Sanford,1958-09-01,2753088351,StaceyinSanford7,wantmany@yah00.org,assert,40,2000
Glen,Barnett,1966-08-08,0022275818,GlenIBarnett5,generatedwarp@everyma1l.com,sacrifice,41,2900
Bryan,Macdonald,1976-07-31,3705414625,BryanIMacdonald7,wrongit@b1zmail.biz,sacrifice,42,2800
Jake,Carver,1972-05-09,1232290729,JakesoCarver8,it'swrong@somema1l.org,window,43,2500
Dan,Whitaker,1967-08-31,3059711916,DaninWhitaker4,outsecretly@b1zmail.co.uk,window,44,2800
Christian,Walker,1980-02-02,0067905453,ChristianaWalker71,esampson@everyma1l.us,sacrifice,45,2700
Madison,Dodson,1981-01-03,8937965555,MadisonIDodson1,ielse@gma1l.biz,library,46,3000
Clayton,Phillips,1979-12-05,1405398767,ClaytonaPhillips22,rwillis0@ma1l2u.com,computer,47,2600
Darren,Mullen,1966-03-25,4574248309,DarrenaMullen1,itso@b1zmail.biz,secretly,48,3400
Max,Brock,1970-05-04,9656879220,MaxaBrock0,warpsmoke@b1zmail.co.uk,something,49,3600
Anthony,Hurst,1959-07-13,9959846688,AnthonysoHurst2,nowe@everyma1l.biz,trying,50,3100
Virginia,Rowland,1973-12-06,6429873399,VirginiaIRowland46,islandgenerated@b1zmail.biz,sacrifice,51,2400
Jay,Allen,1971-05-10,2414967999,JayaAllen9,wherered@everyma1l.us,visions,52,2700
Maria,Bray,1965-05-19,3153048393,MariatoBray27,sschneider@yah00.co.uk,rabbit,53,2200
Dale,Wooten,1966-08-16,1825954527,DaletoWooten8,theycame@gma1l.co.uk,visions,54,3700
Laura,Thompson,1972-04-02,6954420984,LauratoThompson0,jneal@ma1lbox.net,sacrifice,55,2700
Kristy,Scott,1974-08-27,4720105211,KristyaScott50,pmoody@somema1l.co.uk,interest,56,2900
Crystal,Noble,1959-09-30,0387215213,CrystalofNoble45,dparsons@somema1l.biz,captain,57,2600
Sara,Pearson,1975-06-06,0281741328,SaraofPearson7,inwrite@hotma1l.net,sacrifice,58,3000
Anita,Hansen,1979-07-14,6462149426,AnitaorHansen26,endman@everyma1l.com,sacrifice,59,2600
Shawna,Perkins,1966-09-19,7032895656,ShawnaaPerkins2,wicketabout@somema1l.us,sacrifice,60,2500
Jessica,Reilly,1962-01-20,7848051972,JessicaisReilly77,buildmany@hotma1l.net,library,61,2400
Dylan,Bauer,1959-01-16,9748769623,DylanIBauer5,bangingmany@somema1l.org,sacrifice,62,3100
Thomas,Simmons,1970-12-08,2461551284,ThomasweSimmons6,alwaysheadphones@gma1l.co.uk,numbers,63,2900
Ray,Davis,1971-12-31,5493492596,RayIDavis6,lblanchard@hotma1l.net,something,64,2500
Paige,Whitehead,1963-05-10,4005681779,PaigeisWhitehead7,bookssomething@b1zmail.co.uk,secretly,65,3500
Dallas,Holman,1957-04-24,6597050074,DallasaHolman4,tmorgan@yah00.biz,computer,66,2800
Sydney,Fry,1960-09-02,2341410223,SydneyinFry53,cbonner@b1zmail.biz,secretly,67,3100
Vicki,Owen,1960-11-06,7435236633,VickidoOwen5,mchavez64@ma1l2u.biz,island,68,3000
Christy,Levy,1977-05-09,6528595631,ChristyofLevy71,findsofa97@ma1l2u.org,library,69,2900
Sherri,Clayton,1983-10-19,2811371097,SherriaClayton27,tomagnetic@ma1lbox.com,visions,70,2800
Nicole,O'neil,1959-06-10,8098349812,NicoleaO'neil0,hattook@hotma1l.us,assert,71,2700
Jodi,Carroll,1955-10-19,2578977518,JodiisCarroll7,gmoon@b1zmail.co.uk,visions,72,3100
Earl,Vaughan,1955-09-21,6589346108,EarlitVaughan74,captainlight@hotma1l.com,secretly,73,2900
Heath,Fulton,1966-08-09,5781437311,HeathIFulton4,isbadly55@hotma1l.org,monster,74,3400
Judy,Miranda,1975-03-28,1079745284,JudyisMiranda44,arichmond@gma1l.org,generated,75,3100
Leonard,Sandoval,1979-11-20,4293730627,LeonardaSandoval05,handledend@ma1l2u.net,should,76,2900
James,Rocha,1969-03-26,1300239545,JamesaRocha0,whatending@b1zmail.org,wicket,77,2500
Shane,Bennett,1971-04-03,5044723887,ShaneaBennett62,manmy99@everyma1l.net,window,78,2900
Roberta,Olson,1961-06-21,8047828961,RobertaitOlson3,togenerated@somema1l.net,library,79,2700
Christopher,Ratliff,1964-03-05,0232433049,ChristopheraRatliff39,apowell49@hotma1l.us,visions,80,3500
Kelsey,Silva,1956-09-18,3733453513,KelseytoSilva84,pstephenson@ma1lbox.net,through,81,3500
Sara,Love,1974-03-13,9207119525,SaraaLove3,rabbitthrough@b1zmail.co.uk,people,82,3400
Marvin,Barton,1964-11-08,0860302112,MarvinIBarton9,noworn@gma1l.biz,something,83,2700
Kristy,McKenzie,1974-03-30,4298379515,KristyIMcKenzie9,islandautomatically@ma1lbox.net,numbers,84,2500
Jodi,Powers,1955-09-17,0809566456,JodiIPowers62,lmcdonald@ma1l2u.biz,library,85,2700
Adam,Fry,1961-07-26,8397952446,AdamIFry3,kjuarez81@everyma1l.com,probably,86,3300
Randall,Wright,1964-04-15,0816979942,RandallaWright0,cburke@somema1l.org,interest,87,3200
Sydney,Higgins,1956-04-26,4231603374,SydneyIHiggins77,rmann@gma1l.com,rescue,88,3200
Clayton,Hester,1976-10-08,0850958729,ClaytonIHester08,foundcomputer@b1zmail.org,island,89,3300
Johnny,Rice,1983-01-25,3845023357,JohnnytoRice46,whohot@b1zmail.org,should,90,2400
Mary,Clayton,1972-12-30,6376310896,MaryaClayton5,roomor maybe@ma1lbox.co.uk,visions,91,2400
Charlene,Gallegos,1982-09-13,3623025500,CharleneisGallegos06,lkane@ma1l2u.co.uk,library,92,3100
Gerald,McFarland,1971-01-02,0475266676,GeraldIMcFarland83,rvaldez@ma1lbox.biz,sacrifice,93,3200
Alex,Owen,1983-05-29,6116574136,AlexinOwen1,ofbuild@gma1l.us,island,94,2600
Kevin,Crane,1965-02-13,2049265943,KevinitCrane58,solibrary@ma1l2u.co.uk,monster,95,2500
Laura,Johnston,1984-07-24,8253657752,LauraIJohnston08,computerwrite35@yah00.biz,secretly,96,2100
Misty,Lang,1979-10-01,1349429346,MistyaLang1,jshields@yah00.com,captain,97,2300
Craig,Adams,1981-11-14,6506630018,CraiginAdams1,incode@ma1l2u.co.uk,computer,98,3100
Victor,Larson,1981-07-09,8175090157,VictorILarson2,rwhitehead@ma1l2u.net,interest,99,2800
Devin,Beck,1958-09-16,2157817954,DevinitBeck3,tryingred@ma1l2u.co.uk,captain,100,2500
Tyrone,Rutledge,1974-08-14,0203647878,TyroneofRutledge6,tookis@ma1lbox.org,captain,101,2800
Dillon,Hudson,1972-04-29,3901768009,DillonorHudson29,automaticallyman@b1zmail.us,sidekick,102,3400
Misty,Francis,1982-06-10,2526823524,MistyisFrancis2,gclayton@yah00.us,interest,103,2700
Tony,Guy,1960-06-02,8863853324,TonyIGuy3,wordsmuch@somema1l.us,assert,104,3100
Brooke,Gutierrez,1981-03-25,2104046917,BrookeIGutierrez2,constantlyit@ma1lbox.com,visions,105,2400
Shanna,Smith,1981-09-23,7546726663,ShannasoSmith2,ldennis@yah00.us,window,106,2700
Jason,Cote,1958-02-09,9165545010,JasonaCote40,tookhatch@somema1l.org,rabbit,107,2400
Gregory,Jordan,1971-06-27,8938212833,GregoryaJordan3,enterwho@everyma1l.biz,island,108,3700
Ralph,Tillman,1956-05-14,6096444234,RalphtoTillman64,vbender@gma1l.org,should,109,3100
Jade,Hayden,1968-02-10,2972360328,JadeofHayden8,dowill@gma1l.com,monster,110,3600
Kelly,Martinez,1965-06-10,7687663136,KellyaMartinez97,pgibbs@everyma1l.net,something,111,2800
Lynn,Yang,1979-03-30,5812510155,LynnIYang6,smcfarland@ma1lbox.com,should,112,2600
Bob,Bowen,1976-05-06,6313105507,BobIBowen52,rlamb@ma1l2u.us,assert,113,2500
Curtis,Parks,1971-05-15,6044072210,CurtisaParks59,jcox@yah00.com,something,114,3000
Renee,Cole,1980-01-01,9640494143,ReneeaCole9,hatnumbers@somema1l.us,interest,115,2700
Beverly,Dickerson,1968-12-14,6767515954,BeverlyaDickerson7,automaticallyenter@gma1l.co.uk,trying,116,3600
Dorothy,Guerra,1977-04-16,0417062475,DorothyaGuerra92,rmercado@gma1l.org,rescue,117,3200
Maria,Contreras,1983-07-15,6049625565,MariaaContreras2,elseheadphones@yah00.com,sacrifice,118,2600
Rick,McClain,1956-06-21,1139305823,RickofMcClain20,holdhid@hotma1l.net,generated,119,2800
Martin,Larsen,1979-06-08,1576734030,MartinILarsen9,lotssmoke@gma1l.net,captain,120,3200
Peggy,Cabrera,1959-07-02,3407568907,PeggyinCabrera3,kpena@b1zmail.org,secretly,121,3100
Robbie,Martin,1982-03-02,4479508466,RobbieIMartin9,swyatt42@gma1l.co.uk,assert,122,3100
Mike,Gillespie,1973-09-13,1131376971,MikeonGillespie24,rnielsen32@b1zmail.org,sacrifice,123,3200
Dixie,Little,1968-04-04,3344123333,DixieofLittle29,dayskeys@b1zmail.biz,trying,124,2500
Levi,Cameron,1969-09-18,8807381307,LeviaCameron40,constantlyroom@everyma1l.co.uk,sacrifice,125,3300
Ronald,Schultz,1982-11-27,4900289375,RonaldinSchultz28,holdill@yah00.co.uk,window,126,2100
Eric,Rice,1961-05-25,8065929366,EricIRice22,theybadly@everyma1l.net,dreams,127,3200
Amanda,Kirby,1964-05-26,0874744764,AmandaaKirby12,tmcfarland@somema1l.us,library,128,2800
Glenn,Van halen,1967-04-01,6894632565,GlenninVan halen2,kgibbs@yah00.us,visions,129,2400
Katelyn,Flowers,1984-12-08,5749840683,KatelynorFlowers83,rrodriquez@everyma1l.biz,generated,130,3500
Miranda,Leonard,1976-01-06,4208539795,MirandaaLeonard3,outisland@hotma1l.biz,dreams,131,3500
Joyce,Lloyd,1961-06-01,3301241883,JoyceILloyd93,computeruntil74@somema1l.co.uk,generated,132,3500
Clint,Armstrong,1977-03-06,8312100232,ClintisArmstrong64,ptanner44@everyma1l.org,trying,133,2600
Brooke,Wilder,1968-02-22,4013994003,BrookenoWilder4,tofire@somema1l.co.uk,computer,134,2300
Clifford,Burris,1966-05-23,2051718256,CliffordaBurris5,openmuch@yah00.biz,something,135,2800
Jimmy,Cummings,1983-06-06,8794740762,JimmytoCummings56,asothers3@gma1l.biz,library,136,3000
Gregory,Simpson,1961-09-24,1918420044,GregoryinSimpson0,ghostman35@everyma1l.org,captain,137,3400
Holly,Stanley,1957-10-16,0205828976,HollyofStanley3,jkeller@b1zmail.biz,sacrifice,138,2600
Wendy,Hall,1981-05-21,4723687182,WendyaHall8,hsalas@everyma1l.com,library,139,2600
Charles,Chang,1966-09-03,1709021261,CharlesofChang6,jdonovan@b1zmail.biz,visions,140,2700
Jasmine,Willis,1955-09-08,0845572984,JasmineaWillis74,ballcrash@ma1lbox.com,sacrifice,141,3000
Monica,Logan,1959-05-21,9559349038,MonicatoLogan99,treesmuch@ma1l2u.us,monster,142,2500
Mitchell,Moses,1965-06-13,2809745988,MitchellIMoses11,illfound@somema1l.biz,monster,143,3100
Walter,Trujillo,1983-10-08,7918901874,WalterorTrujillo1,wicketisland31@b1zmail.biz,wicket,144,2600
Lindsay,Whitney,1979-04-14,3606640235,LindsayorWhitney83,ofassert@b1zmail.us,trying,145,3600
Floyd,Prince,1970-07-31,3648059281,FloydinPrince7,lmay@b1zmail.net,sacrifice,146,2100
Lisa,Conner,1962-08-15,1315673114,LisaIConner8,ksilva@yah00.net,visions,147,2300
Dillon,Knight,1983-06-27,8029015008,DillonIKnight61,discoveredpull73@somema1l.org,through,148,3100
William,Vance,1957-04-16,9612967817,WilliamisVance20,wlloyd60@ma1l2u.org,sacrifice,149,2200
Stanley,Palmer,1963-11-25,1015012994,StanleyaPalmer6,generatedinterest@ma1l2u.biz,sacrifice,150,3500
Courtney,Grant,1977-01-30,5002915737,CourtneyIGrant4,outof48@gma1l.us,should,151,2700
Kevin,Oliver,1963-05-28,5573943742,KevinorOliver8,waitedhid@ma1lbox.com,island,152,3000
Patricia,Combs,1973-07-22,3279743539,PatriciainCombs4,agraves@somema1l.net,computer,153,2900
Zachary,Horne,1968-08-16,1937236789,ZacharyaHorne5,rsolomon@ma1lbox.co.uk,monster,154,2800
Maria,Bright,1979-06-26,9411636810,MariaofBright68,theytrying@everyma1l.co.uk,monster,155,3100
Derrick,McDowell,1973-09-25,5936380029,DerrickaMcDowell9,asserttrying@hotma1l.com,sacrifice,156,2000
Destiny,Cote,1962-11-05,1918510665,DestinyICote73,endingdreams@b1zmail.com,library,157,3200
John,Hall,1962-05-03,3457688549,JohnaHall27,mgordon@everyma1l.net,computer,158,2700
Jill,Morrow,1968-06-18,8673732985,JillaMorrow62,or maybethis@everyma1l.biz,library,159,2900
Dennis,Henderson,1957-05-08,0029787212,DennistoHenderson1,sforbes61@ma1l2u.org,library,160,2800
Katherine,Leach,1959-11-13,7581345777,KatherinetoLeach9,to'neill45@gma1l.org,should,161,2500
Eugene,Lowe,1972-05-24,9724188837,EugenemyLowe33,wherecomputer@yah00.org,assert,162,2800
Darrell,Arnold,1978-02-25,1294234405,DarrellitArnold86,smokedreams@ma1lbox.biz,demanded,163,2500
Tabitha,Francis,1975-07-09,1813472181,TabithaIFrancis4,hatso@hotma1l.biz,sacrifice,164,2600
Father,Bennett,1984-10-08,6365935711,FatheraBennett00,willhid@hotma1l.biz,computer,165,3300
Beverly,Boyer,1959-03-02,6162739988,BeverlyaBoyer0,headphonessecretly@ma1l2u.com,sacrifice,166,3600
Ernest,Diaz,1981-10-01,6818223033,ErnestIDiaz07,psullivan@gma1l.org,sacrifice,167,3200
Lacey,McCray,1983-02-09,6865069442,LaceyIMcCray7,rabbitdo71@ma1l2u.co.uk,computer,168,2600
Leah,Rosa,1975-04-26,7163486337,LeahisRosa8,whatsmoke@ma1l2u.com,sacrifice,169,2800
Dale,Serrano,1961-11-18,3811746426,DaleISerrano46,wantwith@somema1l.net,should,170,3200
Ronnie,Washington,1978-06-08,6167081972,RonnieIWashington78,holdwho@somema1l.org,visions,171,3200
Harry,Flynn,1963-09-04,4964515146,HarryIFlynn6,mdotson@gma1l.net,library,172,2400
Trent,Chase,1955-04-12,0535777200,TrenttoChase8,ismy@hotma1l.co.uk,assert,173,2900
Toni,Stein,1959-07-12,9407021720,TonitoStein37,mmathis@somema1l.org,library,174,3700
Harry,Sandoval,1978-10-27,4485424972,HarryinSandoval49,alwayshave@somema1l.biz,visions,175,3100
Taylor,Harris,1981-10-11,9477586633,TayloraHarris4,charding@ma1lbox.net,rabbit,176,3400
Katherine,Ball,1981-10-28,8627321667,KatherineisBall4,pguzman@gma1l.com,window,177,2900
Barb,Rutledge,1982-01-29,2271363546,BarbofRutledge5,keysleader@hotma1l.biz,monster,178,2900
Patricia,Spence,1982-06-15,0757921491,PatriciaisSpence40,cclements@yah00.co.uk,library,179,3400
Sabrina,Burt,1962-02-25,3716334113,SabrinaaBurt38,smokealways@gma1l.net,sacrifice,180,3100
Gage,Jimenez,1957-09-13,3340757759,GagetoJimenez95,withto@everyma1l.com,computer,181,3400
John,Bradford,1968-05-15,3640389195,JohnweBradford70,iswhile@b1zmail.net,something,182,3000
Natasha,Edwards,1966-02-19,5138428866,NatashaitEdwards60,codethrow@b1zmail.co.uk,something,183,2800
Laken,Wilcox,1958-05-20,4054295674,LakenaWilcox0,enterit43@gma1l.com,something,184,2900
Katherine,Winters,1955-11-21,5619246594,KatherineIWinters62,djames@everyma1l.biz,interest,185,3500
Natasha,Morrison,1955-09-28,2732896394,NatashaisMorrison2,discoveredthey@gma1l.net,wicket,186,2300
Gloria,Noble,1956-08-17,9327406405,GloriaisNoble67,cpoole@ma1l2u.com,assert,187,3200
Kendra,Carter,1966-01-23,3109791300,KendraaCarter3,piqueend@gma1l.org,visions,188,3200
Julie,Noel,1980-08-25,7366109815,JulieaNoel23,dowicket@somema1l.biz,through,189,3000
Emily,Sellers,1982-08-30,5050063730,EmilyISellers9,tpaul@gma1l.net,something,190,3000
Charlene,Hall,1973-12-28,3641181661,CharleneofHall1,haveit94@everyma1l.com,computer,191,2300
Tashia,Petty,1973-01-28,3510069644,TashiaaPetty8,piqueto@ma1lbox.org,rescue,192,3000
Gail,Farley,1979-03-12,2835229329,GailitFarley0,cmichael54@yah00.us,island,193,3300
Bob,Buckner,1983-07-09,4409038642,BobIBuckner14,tryingthey@yah00.org,window,194,2800
Whitney,Hopkins,1956-09-17,9674962242,WhitneyaHopkins97,shouldlibrary@hotma1l.us,waited,195,2600
Drew,Estrada,1955-06-11,0388758174,DrewaEstrada64,ito@ma1lbox.biz,or maybe,196,2700
Bill,Hamilton,1979-12-03,6418314558,BillIHamilton61,lmcfadden@b1zmail.org,computer,197,2600
Shirley,Bentley,1981-04-14,7000779117,ShirleyofBentley3,tdejesus@everyma1l.co.uk,sacrifice,198,2400
Darla,Craft,1972-10-13,0109566802,DarlaICraft55,crashlock@yah00.org,ending,199,2400
Ruth,Conner,1961-04-10,9912894643,RuthofConner32,itor@ma1l2u.com,secretly,200,3200
Robin,Garrison,1982-04-26,7680591929,RobinaGarrison3,hidassert@ma1lbox.net,sidekick,201,3000
Mary,Kelley,1983-12-30,5350083327,MaryisKelley0,throughkeys@ma1lbox.us,computer,202,3400
James,Mathis,1979-09-26,1405540159,JamestoMathis2,wasdied@yah00.biz,captain,203,2800
Shelly,McDaniel,1961-07-18,4383774520,ShellyaMcDaniel0,kkelly@somema1l.us,something,204,3400
Joel,Calhoun,1962-09-07,8084345811,JoelICalhoun46,jwells@everyma1l.co.uk,rabbit,205,2600
Brian,Sears,1980-12-28,7157382904,BrianonSears91,treeshandled@yah00.us,through,206,3300
Floyd,Fuller,1978-05-07,1669717565,FloydaFuller97,jpitts@somema1l.us,ending,207,2500
Stephanie,Schultz,1975-06-13,8423281041,StephanieISchultz9,kbattle61@hotma1l.us,secretly,208,3200
Myron,Mullins,1976-04-04,1049217226,MyronaMullins3,cpowell@somema1l.org,sacrifice,209,2300
Jacob,Odom,1956-09-28,7963688940,JacobinOdom63,rcobb@ma1l2u.us,computer,210,3200
Dusty,Mann,1966-03-08,0856268621,DustyaMann7,fromdiscovered36@b1zmail.us,island,211,2500
Don,Hurst,1965-08-02,2289282594,DonsoHurst09,whatrescue@ma1l2u.biz,visions,212,3200
Vanessa,Moran,1980-03-20,6947908868,VanessaIMoran5,cdelaney@somema1l.net,captain,213,3000
Shirley,Higgins,1957-08-07,0096962779,ShirleyaHiggins79,twells@somema1l.org,something,214,3000
Randi,Duran,1955-01-28,0148165564,RandiIDuran75,cmontoya90@gma1l.org,wicket,215,3200
Bobbie,Foley,1979-03-06,7590348816,BobbiedoFoley58,dieddo@somema1l.net,sacrifice,216,3100
Angel,Valdez,1962-12-27,7188299558,AngelaValdez00,chebert@gma1l.us,something,217,2600
Dana,Hendrix,1970-07-14,9427553714,DanaIHendrix7,ghood28@b1zmail.com,island,218,3600
Hope,Bridges,1957-11-29,3919361198,HopeitBridges3,ior@everyma1l.net,computer,219,2800
Randy,Oconnor,1957-03-13,6359294139,RandyaOconnor92,foundwindow@ma1lbox.us,sacrifice,220,3000
Darlene,Keith,1984-07-07,6617035824,DarleneIKeith66,washeadphones@gma1l.us,island,221,3500
Kay,Hurst,1958-11-12,3031105682,KayIHurst4,ldoyle@hotma1l.net,captain,222,3000
Gerald,Ford,1971-12-10,7093542259,GeraldinFord53,khull1@b1zmail.net,library,223,3400
Kaylee,Rosales,1984-03-17,7195051837,KayleeIRosales28,lbruce@somema1l.biz,magnetic,224,2000
Ruth,Haynes,1958-05-19,2624716011,RuthIHaynes43,csalinas@everyma1l.co.uk,sacrifice,225,3200
Shawna,Summers,1979-12-16,9403480336,ShawnaitSummers62,hespinoza@somema1l.us,interest,226,2800
Heath,Sharpe,1960-10-17,1962831061,HeathISharpe85,pbolton@hotma1l.org,sacrifice,227,2500
Skyler,Ingram,1969-02-05,1067703980,SkylerinIngram0,afranklin@b1zmail.biz,secretly,228,2400
Kristen,Ball,1960-04-03,7920529843,KristenaBall08,manwindow@ma1l2u.net,library,229,2600
Breanna,Kinney,1966-09-30,2169224930,BreannainKinney83,enolan@yah00.org,visions,230,2300
Regina,Rivas,1956-03-31,7292435766,ReginaaRivas01,whospeed69@ma1l2u.biz,island,231,3000
Anthony,Edwards,1963-02-04,5448839834,AnthonyaEdwards7,tdonovan46@hotma1l.net,generated,232,3100
Tashia,Austin,1966-02-23,5403525393,TashiaorAustin96,secretlygenerated@ma1l2u.com,visions,233,2700
Paul,Downs,1977-12-30,0782971488,PaulIDowns71,sjacobson@b1zmail.net,dreams,234,3400
Penny,Potter,1956-07-10,3282032721,PennyIPotter67,tboyer72@ma1l2u.net,library,235,3200
Pam,Carrillo,1966-03-24,8969383596,PamsoCarrillo53,kfleming@everyma1l.biz,always,236,3300
Mother,Church,1983-11-26,4139013197,MotherIChurch7,towho@gma1l.us,monster,237,3200
Dakota,Noel,1976-03-21,1968155944,DakotatoNoel40,aswas@gma1l.org,generated,238,2200
Clarence,Merrill,1975-03-05,3760606700,ClarenceisMerrill81,constantlyend@gma1l.us,secretly,239,2800
Paul,Meyers,1959-03-27,3568823034,PaulaMeyers9,weblots@ma1lbox.co.uk,island,240,2500
Eddie,McBride,1976-06-11,6476307673,EddieonMcBride7,djustice@somema1l.org,sacrifice,241,2300
Crystal,Pierce,1982-06-13,7400059639,CrystalonPierce0,sdean@hotma1l.biz,people,242,2300
Jeff,Cook,1965-09-16,6845958509,JeffaCook6,roompeople@ma1lbox.co.uk,should,243,3100
Jackie,Crosby,1966-09-11,4963132369,JackieaCrosby55,whatwhile@ma1lbox.net,monster,244,2300
Brenda,Hines,1970-10-31,2897728971,BrendaIHines41,headphoneswhite@b1zmail.net,computer,245,2700
Alice,Lindsay,1973-03-25,5557544463,AliceILindsay6,kjones@yah00.org,should,246,3100
Lewis,Pittman,1976-04-13,4282262298,LewisaPittman5,hhancock@yah00.org,secretly,247,3000
Mandy,Harmon,1959-12-16,3698071245,MandyaHarmon5,dglass70@yah00.us,always,248,3400
Jenny,Britt,1971-12-22,5125244146,JennyIBritt41,sfranco@ma1lbox.co.uk,island,249,3300
Lance,Gilbert,1974-06-11,7518407149,LanceaGilbert62,sfranklin@yah00.org,assert,250,2300
Eugene,Strickland,1984-03-06,4679394627,EugeneaStrickland6,rwitt@hotma1l.biz,something,251,2300
Jeffery,Terrell,1973-03-18,7451435306,JefferydoTerrell6,pthomas@gma1l.co.uk,something,252,2900
Bill,Ayers,1965-10-11,0925724647,BillinAyers2,libraryleader@ma1lbox.com,secretly,253,2700
Lori,Cox,1969-02-13,7959896318,LoriaCox46,foundtook@ma1l2u.us,computer,254,2100
Kelly,Meadows,1976-03-19,1982824681,KellyIMeadows67,fireto@ma1lbox.org,captain,255,2600
Deborah,Wilcox,1981-07-16,6675296365,DeborahweWilcox80,kwebster@somema1l.org,ending,256,3000
Bob,Bradshaw,1961-02-18,7939515519,BobinBradshaw33,or maybeto42@gma1l.biz,through,257,3500
Edward,Manning,1965-11-21,1428818015,EdwardIManning63,btravis@everyma1l.co.uk,sacrifice,258,3500
Melody,Herrera,1977-12-20,7228940196,MelodytoHerrera41,mgriffin@somema1l.co.uk,computer,259,2700
Aaron,Gates,1966-12-28,4797456342,AaronIGates19,mcaldwell@somema1l.co.uk,captain,260,2700
Victoria,Payne,1969-11-06,5978232248,VictoriainPayne6,snash@ma1l2u.org,sacrifice,261,2700
Theresa,Petty,1976-06-30,6171879888,TheresasoPetty4,sjoyner@yah00.us,ending,262,3500
Andrea,Salazar,1979-03-01,8193294766,AndreaaSalazar8,iherman@b1zmail.org,suspense,263,2900
Mother,Gibbs,1984-11-01,4258981472,MotheraGibbs2,oflist@gma1l.us,visions,264,2800
Max,Acevedo,1955-07-03,7030022506,MaxtoAcevedo9,shouldto@everyma1l.biz,magnetic,265,3600
Darlene,Gordon,1965-11-25,4355452809,DarleneofGordon02,rschroeder@ma1lbox.co.uk,sacrifice,266,2100
Peggy,Shaw,1958-08-10,5800657234,PeggyaShaw5,tocaptain@hotma1l.co.uk,assert,267,3200
Sarah,O'neal,1971-12-04,1542728776,SarahaO'neal1,shipmany@everyma1l.biz,computer,268,2900
Gage,Hubbard,1977-06-02,6299487852,GagedoHubbard70,sacrificesill@somema1l.us,sacrifice,269,2600
Kyle,Hendricks,1971-10-25,7947525363,KyleaHendricks12,nnorton@somema1l.com,computer,270,2900
Rex,Conner,1967-01-01,5238906095,RextoConner29,numbersuntil@b1zmail.us,something,271,3300
Kristin,Wall,1970-02-16,6883038235,KristinitWall8,goodcame@ma1l2u.co.uk,others,272,3400
Mickey,Gutierrez,1967-04-10,1929367801,MickeysoGutierrez7,holdno@gma1l.org,visions,273,3100
Brenda,Ochoa,1956-01-15,8549612699,BrendatoOchoa37,hwooten@gma1l.us,captain,274,3100
Pat,Kirby,1964-04-24,6668432539,PataKirby6,jcote@gma1l.net,library,275,2500
Donna,Price,1963-07-18,4442834436,DonnaIPrice99,spatel@hotma1l.com,should,276,3600
Tracey,Barker,1956-09-03,3796773910,TraceytoBarker51,mhead@ma1lbox.com,visions,277,3400
Lacey,Burnett,1962-10-08,6460130037,LaceyIBurnett95,pmacias@b1zmail.biz,visions,278,3200
Samuel,Hopper,1956-12-19,8757579498,SamuelIHopper45,camewant60@gma1l.com,rescue,279,2300
Derrick,Henson,1971-04-27,1210955480,DerrickIHenson90,codemonster@yah00.biz,interest,280,2800
Patty,Pittman,1984-10-15,4980715910,PattyaPittman3,rhunter@hotma1l.co.uk,ending,281,2700
Logan,Campbell,1982-10-08,1005332928,LoganaCampbell2,piqueending@gma1l.biz,sacrifice,282,3200
Clayton,Guzman,1984-04-20,8430601145,ClaytonaGuzman03,rduffy@ma1lbox.com,sacrifice,283,3000
Charlie,Walter,1977-12-15,9519467803,CharlieIWalter8,isare84@gma1l.us,assert,284,2300
Brian,Schwartz,1966-05-11,2200085566,BriansoSchwartz20,headphonesbadly@ma1l2u.com,computer,285,3400
Rob,Snyder,1967-09-09,0981134326,RobISnyder39,throwwicket@b1zmail.co.uk,something,286,3200
Marty,Johnston,1976-01-08,6273400711,MartyaJohnston0,smokecomputer@everyma1l.net,wicket,287,2800
Ron,Francis,1972-02-24,8827375899,RonofFrancis85,fromship@gma1l.net,something,288,3400
Julie,Woodard,1982-02-20,1730468334,JulieIWoodard68,rcherry@b1zmail.co.uk,library,289,3200
Renee,Campos,1978-07-06,3530271852,ReneeICampos29,bmitchell99@hotma1l.com,captain,290,3700
Michelle,Fox,1978-12-04,3216936785,MichelleIFox2,rfigueroa@hotma1l.biz,rabbit,291,3300
Ethan,Cline,1972-01-24,7598923301,EthanaCline79,wclemons@gma1l.co.uk,secretly,292,3700
Matthew,Lynch,1964-08-17,9002256184,MatthewaLynch1,elseautomatically67@ma1lbox.us,secretly,293,3400
Olivia,Young,1965-07-09,0672642927,OliviaitYoung18,mengland@ma1lbox.co.uk,sidekick,294,2800
Jessica,Cochran,1958-06-07,2615520565,JessicaICochran62,rgiles@b1zmail.com,secretly,295,3400
Christian,Bowman,1980-06-11,0832032498,ChristianIBowman87,pbrady36@ma1l2u.net,sacrifice,296,3300
Norman,Acosta,1979-12-07,3965600337,NormantoAcosta40,whiteare61@everyma1l.biz,suspense,297,2700
Harry,Molina,1975-07-16,0486332923,HarryIMolina94,wasor maybe@somema1l.us,visions,298,3000
Brian,Bender,1975-06-28,3215529994,BrianIBender23,isof@somema1l.org,secretly,299,3200
Trisha,Johnston,1960-04-26,4328443882,TrishasoJohnston1,mjarvis@everyma1l.us,through,300,3100
Susan,Gates,1958-01-15,6235408209,SusanonGates1,dschneider@everyma1l.org,demanded,301,3000
Danielle,Shaw,1980-05-15,5131903142,DanielleIShaw2,arehatch@gma1l.org,secretly,302,3000
Herbert,Moon,1957-12-08,8773394788,HerberttoMoon9,computerlock@ma1l2u.co.uk,something,303,3100
Stephanie,Ashley,1961-06-02,5366968675,StephanieaAshley6,nowho@ma1lbox.org,computer,304,2200
Bobbie,Williams,1976-10-06,9254099577,BobbieaWilliams95,kbest@gma1l.biz,library,305,2200
Colton,Johns,1967-05-18,3328704547,ColtoninJohns30,goodwindow@everyma1l.com,something,306,2900
Marlene,Ratliff,1955-05-28,9273063570,MarleneIRatliff9,oropen@hotma1l.com,sidekick,307,2800
Betty,McPherson,1965-05-02,5594206555,BettyaMcPherson52,hfowler97@hotma1l.org,wicket,308,2900
Shanda,Duncan,1960-01-06,7769903608,ShandaonDuncan2,cavesor10@ma1l2u.us,sacrifice,309,2600
Bobbie,Alvarado,1973-08-20,4257708635,BobbieaAlvarado2,isit's3@somema1l.biz,should,310,2800
Vincent,Tyson,1981-08-07,6794661821,VincentaTyson7,tmcguire@ma1l2u.us,something,311,3300
Clayton,Cantu,1975-04-13,2638188991,ClaytononCantu50,uodonnell@hotma1l.net,window,312,2900
Steve,Moore,1974-04-25,1561224065,SteveinMoore4,lrice@gma1l.com,computer,313,2900
Shawn,Walter,1967-10-25,2833454568,ShawnaWalter15,boonwords@hotma1l.biz,computer,314,2800
Diane,Dillon,1967-04-30,7352606449,DianeaDillon71,worncode@everyma1l.net,sacrifice,315,2400
Mike,Velazquez,1972-10-23,0952691505,MikeofVelazquez5,keysabout@yah00.biz,always,316,3400
Clarence,Reilly,1967-10-03,7232163642,ClarenceisReilly1,treesto@everyma1l.com,island,317,3100
Juanita,Floyd,1956-05-07,8226308619,JuanitaIFloyd00,televisionwaited@ma1lbox.net,computer,318,3500
Fred,Lindsay,1981-01-23,1378011837,FredaLindsay89,tallison@everyma1l.net,should,319,2500
Jodi,Manning,1959-01-09,4328034651,JoditoManning8,fmercer@everyma1l.com,always,320,2900
Allison,Jarvis,1956-11-06,3286183985,AllisonIJarvis1,mweeks@everyma1l.net,assert,321,2700
Dana,Freeman,1974-03-06,7733357109,DanaweFreeman23,aboutwe54@hotma1l.com,trying,322,2300
Jenna,Harrison,1972-01-02,1193768789,JennanoHarrison53,nobadly@ma1lbox.biz,computer,323,2600
Mickey,Reid,1978-06-01,6205060956,MickeytoReid4,tgates@ma1lbox.biz,sacrifice,324,3300
Kathryn,Mercado,1957-05-03,7889106148,KathrynaMercado7,islandweb@gma1l.biz,library,325,2500
Jade,Fleming,1969-08-31,3532353620,JadeisFleming6,hatchout29@ma1lbox.us,rabbit,326,2200
Christopher,Jones,1966-12-07,4830881259,ChristopherorJones15,discoveredto@gma1l.biz,secretly,327,2400
Erica,Harding,1972-01-03,4911527938,EricatoHarding57,untilwhat@ma1l2u.us,demanded,328,3200
Erin,Roberts,1965-08-18,4552757810,ErinitRoberts74,onsill@b1zmail.net,secretly,329,3300
Carolyn,Duran,1977-07-26,3580863020,CarolynIDuran7,kheath@ma1lbox.org,monster,330,2900
Myron,Christian,1959-04-01,0564765620,MyronaChristian58,booksis33@gma1l.com,rabbit,331,2600
Cynthia,Maddox,1967-11-24,6808069585,CynthiaaMaddox2,mwiley1@everyma1l.co.uk,banging,332,2800
Herbert,Gaines,1959-02-13,9679539132,HerbertaGaines45,todemanded@gma1l.co.uk,sacrifice,333,2700
Dennis,Chang,1961-03-19,6348330478,DennisisChang65,throwman@b1zmail.org,visions,334,3400
Randall,Whitaker,1962-11-12,8267052218,RandallaWhitaker09,webnumbers@b1zmail.com,library,335,2700
Gage,Hewitt,1974-04-09,4629969854,GageaHewitt3,sacrificeends30@gma1l.org,assert,336,2500
Sandy,Gentry,1982-05-01,6189716576,SandyonGentry11,hburke@b1zmail.net,monster,337,2900
Johnathan,Parks,1966-06-07,1908847073,JohnathanaParks26,dfrank@ma1l2u.co.uk,island,338,3300
Gail,Flowers,1960-12-06,9139325531,GailofFlowers14,cguerra@ma1lbox.net,visions,339,2600
Greg,King,1965-08-10,7520731551,GregIKing91,sfoley@somema1l.biz,should,340,3500
Wesley,Hayes,1966-06-03,2064591634,WesleytoHayes1,wornwas@ma1l2u.biz,generated,341,3100
Tracey,Logan,1966-06-13,9965285985,TraceyinLogan7,muchit@b1zmail.biz,window,342,3000
Tina,Shaffer,1973-09-16,3709630991,TinainShaffer9,dkeller7@b1zmail.biz,sacrifice,343,3200
Kristina,Raymond,1984-12-16,1698129600,KristinaitRaymond0,libraryso@everyma1l.us,rabbit,344,2900
Margaret,Whitfield,1958-09-10,9609116389,MargarettoWhitfield3,rsolis@gma1l.net,sacrifice,345,3700
Chuck,Levy,1971-05-08,5238792726,ChuckILevy57,ehunt@ma1l2u.us,sacrifice,346,2500
Marilyn,Farrell,1978-05-22,6044122514,MarilynIFarrell0,whatdo@ma1l2u.org,ending,347,3000
Harold,Johns,1958-03-28,9673406542,HaroldIJohns5,dayspique92@b1zmail.biz,people,348,2500
Loretta,Acevedo,1961-01-07,5160124953,LorettaonAcevedo24,withshould84@everyma1l.biz,rabbit,349,3100
Donald,Kane,1974-07-22,4119788396,DonaldaKane06,headphonesto@ma1lbox.biz,demanded,350,2700
Joseph,McPherson,1960-08-03,5042433018,JosephofMcPherson3,somethingwarp@gma1l.co.uk,through,351,3000
Christine,Kirk,1983-01-14,8837695715,ChristineinKirk4,rbennett@yah00.co.uk,secretly,352,3200
Kylie,Finley,1973-10-30,4662000667,KylieIFinley8,rdaniels69@b1zmail.com,library,353,3300
Rodney,Lester,1974-11-19,5043769757,RodneyILester88,monsterwith@gma1l.biz,visions,354,3600
Martin,Odom,1962-03-24,9544210226,MartininOdom53,psalas@everyma1l.net,trying,355,3000
Kaylee,Hobbs,1956-04-18,8524374675,KayleeIHobbs5,dhughes98@yah00.com,library,356,3100
Shanna,Schwartz,1983-04-12,1007226283,ShannaaSchwartz45,somethingthrough@hotma1l.com,should,357,2900
Darren,Morgan,1964-01-06,3996224797,DarrentoMorgan69,itisland@everyma1l.net,generated,358,2800
Alex,Ramirez,1982-03-17,7097380007,AlexIRamirez5,thewitt@b1zmail.net,suspense,359,2500
Ken,Hess,1960-08-23,7820481648,KenIHess2,jbattle@yah00.net,sacrifice,360,2200
Renee,Estes,1964-06-19,6947258075,ReneeitEstes5,ssweet@ma1lbox.com,computer,361,2500
Mandy,Witt,1966-02-25,8595175583,MandyaWitt05,mlyons@everyma1l.biz,library,362,2900
Jennifer,Ramos,1968-11-20,6044063347,JenniferIRamos90,smcmillan@somema1l.co.uk,library,363,3400
Juanita,Park,1970-03-16,7123316743,JuanitaIPark26,emorse@yah00.net,visions,364,2800
Tracy,McGowan,1961-05-15,7251693742,TracyaMcGowan47,vbarton@yah00.co.uk,ending,365,2700
Shawn,Head,1961-04-27,8321461565,ShawnofHead1,sofais@ma1l2u.net,sacrifice,366,3400
Natasha,Flowers,1971-08-22,2284378035,NatashaIFlowers3,somethingon49@yah00.net,should,367,2700
Hannah,Dominguez,1969-08-13,0655718161,HannahtoDominguez24,frussell@gma1l.biz,through,368,3000
Myron,Pena,1984-07-23,0372669205,MyroninPena5,firegenerated@b1zmail.net,captain,369,2700
Clifford,Day,1967-06-20,9455897606,CliffordaDay5,vmccarthy@somema1l.org,secretly,370,3000
Trent,McConnell,1958-05-29,7769127744,TrentIMcConnell2,cglenn@ma1l2u.com,sacrifice,371,2500
Jerry,Duran,1973-11-28,2172423594,JerryinDuran7,holdworld@everyma1l.com,something,372,2500
Kris,Lindsey,1981-05-22,9382885590,KrisonLindsey7,waswords@b1zmail.net,library,373,3200
Stephanie,Herring,1973-12-12,9585535614,StephanieIHerring7,eellis78@somema1l.com,generated,374,2700
Jade,Odom,1956-02-26,8286614575,JadetoOdom27,discoveredpull@everyma1l.org,sidekick,375,3100
Scott,Molina,1975-04-05,2148151329,ScottofMolina1,aboutcrash@everyma1l.us,sidekick,376,3000
Jeffrey,Robbins,1971-04-11,2853955235,JeffreyinRobbins8,writeit@gma1l.org,sacrifice,377,2800
Tommy,Bean,1957-02-09,6435214137,TommyIBean36,kfinch17@ma1l2u.biz,sacrifice,378,3000
Tyler,Hopkins,1983-05-03,3214862049,TylerIHopkins3,wherewe73@somema1l.org,computer,379,2300
Tabitha,Simpson,1981-02-17,6682673718,TabithaaSimpson71,numberssofa95@gma1l.com,sacrifice,380,2600
Rod,Montoya,1984-06-21,1099004001,RodIMontoya1,lhamilton@gma1l.co.uk,through,381,2800
Bruce,Rowe,1971-03-27,2567004628,BruceaRowe6,itdo@gma1l.co.uk,sidekick,382,3200
Miranda,Garza,1979-08-19,3393773833,MirandaaGarza5,rspears@hotma1l.us,computer,383,2900
Rex,Mathews,1956-03-24,0416803487,RexIMathews49,itook85@b1zmail.biz,sacrifice,384,2700
Dennis,Barker,1976-03-15,6885028411,DennistoBarker86,or maybeothers@gma1l.biz,computer,385,2900
Raymond,Harmon,1969-01-30,5687239992,RaymondaHarmon12,havewindow@gma1l.biz,island,386,3300
Chase,Lucas,1968-12-29,1012148614,ChaseofLucas8,jcunningham@ma1l2u.co.uk,computer,387,3400
Carolyn,Abbott,1977-01-03,4918105073,CarolynaAbbott4,jhudson@somema1l.co.uk,sidekick,388,2900
Christina,Bartlett,1966-11-08,6465804506,ChristinaasBartlett4,ortelevision@gma1l.com,should,389,2900
Melissa,Evans,1971-12-05,4097012187,MelissaIEvans8,rfuentes@ma1lbox.com,secretly,390,3000
Melanie,Craft,1973-07-10,8998079368,MelanieICraft5,ghostroom@yah00.co.uk,library,391,2800
Casey,Lowe,1979-11-27,5358579249,CaseyitLowe7,bwalsh35@b1zmail.net,assert,392,2800
Wayne,Herrera,1977-10-30,4131194520,WayneIHerrera7,lpearson@yah00.org,secretly,393,2700
Dawn,Carney,1967-07-29,2036211522,DawntoCarney0,firefind@hotma1l.org,through,394,2900
Corey,Hubbard,1969-05-26,9333819626,CoreyaHubbard7,mglenn@gma1l.biz,sacrifice,395,2800
Lacey,Skinner,1970-01-10,8654989433,LaceyISkinner46,worldbanging@ma1lbox.org,something,396,2700
Kristen,Hood,1974-02-03,9361048105,KristenaHood3,bferrell@gma1l.us,through,397,3100
Rachel,Morrow,1975-05-17,6407436715,RachelasMorrow77,askedmuch@somema1l.net,captain,398,2600
Christy,Norman,1970-07-01,5180330425,ChristyaNorman7,headphonesuntil27@yah00.org,waited,399,2700
Tia,Fitzpatrick,1964-08-31,5849781354,TiainFitzpatrick1,twall@ma1lbox.net,others,400,3300
Dorothy,Dillard,1968-06-09,5318836602,DorothytoDillard8,ofend@hotma1l.co.uk,library,401,2900
Zachary,Mueller,1972-06-04,9885964521,ZacharyIMueller8,wicketcrash@everyma1l.net,library,402,3600
Roy,Travis,1977-08-01,3715710117,RoyinTravis05,elsecomputer@b1zmail.net,secretly,403,2900
Rochelle,Finley,1970-12-15,0398305741,RochelleIFinley9,lbest@ma1lbox.net,sacrifice,404,2600
Vernon,Figueroa,1963-10-22,4762584652,VernononFigueroa72,pwilliams@somema1l.com,something,405,2600
George,Santiago,1972-08-31,9587955979,GeorgeweSantiago50,boonwhat@gma1l.us,captain,406,2900
Steven,Cortez,1961-05-06,7358772048,StevenaCortez49,listmuch@ma1lbox.co.uk,sacrifice,407,3200
Julia,Contreras,1970-04-12,0437620168,JuliaofContreras12,jhaney@somema1l.net,generated,408,2800
Jimmy,Stanton,1966-01-24,9112368608,JimmyIStanton34,bnicholson@gma1l.us,computer,409,2600
Carolyn,Barlow,1958-11-18,4483028024,CarolynaBarlow66,badlyon@ma1lbox.biz,library,410,2800
Dalton,Giles,1972-09-07,6702690236,DaltonIGiles05,endingwrite@ma1lbox.net,generated,411,3100
Melinda,Santos,1958-05-09,7694236607,MelindaISantos76,movedconstantly73@hotma1l.co.uk,library,412,3400
Shawna,Wyatt,1966-11-28,2243502082,ShawnaaWyatt17,nclements@everyma1l.us,should,413,2700
Misty,Banks,1969-03-01,1586261371,MistyweBanks65,toin@yah00.org,assert,414,2800
Tristan,Valencia,1980-10-27,5424637328,TristanIValencia2,wrongcaptain12@ma1l2u.us,computer,415,3000
Bobby,Lopez,1967-10-06,9921683662,BobbyILopez93,foundwhat@somema1l.biz,library,416,3100
Katrina,Holloway,1982-04-22,8606841638,KatrinaaHolloway87,jvance@gma1l.biz,something,417,2400
Joey,Oconnor,1983-12-18,9780603156,JoeyofOconnor3,islandto@ma1lbox.net,magnetic,418,2200
Wanda,Delgado,1959-03-16,3166389361,WandaitDelgado13,sblackwell@gma1l.net,magnetic,419,3300
Gloria,Farmer,1977-08-12,8986028268,GloriadoFarmer93,arodriguez@somema1l.biz,rabbit,420,2900
Victoria,Hamilton,1968-01-21,6487373121,VictoriatoHamilton6,sois@gma1l.com,something,421,2800
Wyatt,Wells,1970-07-19,1605530945,WyattweWells47,withasked@somema1l.com,secretly,422,2600
Sabrina,May,1972-07-23,7717344230,SabrinaofMay54,bmills@yah00.biz,visions,423,2200
Hannah,Nguyen,1957-05-06,0634619110,HannahaNguyen65,ecline@somema1l.us,computer,424,3600
Sean,Battle,1984-09-14,6197419799,SeanaBattle11,avelazquez@everyma1l.org,assert,425,3700
Amanda,Bullock,1957-09-18,6676097719,AmandainBullock7,mphelps@yah00.us,probably,426,2800
Tammy,Simon,1980-10-12,6845941554,TammyISimon8,openthis@gma1l.us,something,427,3500
Benjamin,Beach,1978-03-08,3459298005,BenjamininBeach9,ghendrix@b1zmail.com,generated,428,2700
Adam,Webster,1958-06-16,1866440003,AdamasWebster1,gfoster@ma1lbox.co.uk,secretly,429,2400
Cathy,Harding,1972-10-27,2146811911,CathyweHarding2,jphelps@somema1l.us,secretly,430,2700
Tom,Barton,1960-02-25,3980179741,TomaBarton0,tmathews@yah00.net,sacrifice,431,2300
Tamara,Goff,1972-08-01,3616149592,TamaratoGoff49,dblair@ma1l2u.co.uk,library,432,3100
Lacey,Rodgers,1978-03-14,1419198423,LaceyaRodgers3,dodom@ma1lbox.net,something,433,2300
Sandy,Tate,1971-02-18,6998054845,SandyaTate53,jjustice@yah00.co.uk,probably,434,2500
Eva,Lowery,1983-05-09,4407052062,EvaaLowery0,shepherddad@yah00.org,sacrifice,435,3700
April,McIntyre,1983-05-13,8725546875,AprilIMcIntyre79,hosborn@gma1l.biz,trying,436,2300
Sabrina,Blackburn,1961-06-27,3124456389,SabrinaIBlackburn95,cbernard@everyma1l.net,library,437,2800
Frank,Booth,1983-04-17,4916620974,FrankIBooth03,rabbitconstantly@ma1l2u.us,secretly,438,3200
David,Stafford,1968-09-26,7418747402,DavidisStafford91,menglish@everyma1l.co.uk,something,439,3100
Gene,Rasmussen,1966-01-23,6710666683,GeneorRasmussen0,rterrell48@b1zmail.com,library,440,2700
Carl,Warner,1961-06-03,5046026552,CarlIWarner8,camefire@yah00.biz,window,441,3800
Lindsay,Hartman,1965-04-15,1108614981,LindsayisHartman33,iburgess@gma1l.net,should,442,2700
Chastity,Hickman,1961-07-14,7960132425,ChastityinHickman43,mwilkins@ma1l2u.biz,sacrifice,443,3400
Ruth,Webb,1966-06-18,0494730787,RuthtoWebb70,computerwhat@ma1lbox.org,computer,444,2700
Tim,Gibbs,1973-03-28,1622548577,TimdoGibbs8,tbrock@yah00.co.uk,assert,445,2900
Erin,Saunders,1964-05-08,8393750515,ErintoSaunders7,preed@yah00.biz,magnetic,446,3000
Samuel,Van halen,1976-08-17,8490245118,SamuelIVan halen7,finda@hotma1l.biz,trying,447,3300
Katherine,Fletcher,1968-01-12,6895215693,KatherinedoFletcher70,rbrennan@somema1l.org,sacrifice,448,3400
Corey,Hardin,1964-02-16,6364952514,CoreyaHardin4,smckinney@b1zmail.us,library,449,2900
Kay,Wells,1964-09-13,6293979659,KaytoWells31,tharper@everyma1l.net,visions,450,2700
Chester,McGuire,1979-08-18,3549681297,ChesteraMcGuire5,ballcomputer12@b1zmail.us,through,451,2900
Gloria,Holmes,1955-07-08,2481329678,GloriaIHolmes4,jortega@ma1l2u.biz,captain,452,3600
Ted,Case,1979-11-15,0388682414,TedorCase80,interestdo@b1zmail.net,through,453,3300
Rachel,Drake,1955-12-26,3193507638,RachelaDrake09,awynn@hotma1l.biz,numbers,454,3300
Gary,Wilkins,1960-05-15,0439226666,GaryaWilkins08,listgenerated@ma1lbox.com,library,455,3700
Levi,Hoffman,1980-06-02,9376004523,LevitoHoffman8,areghost@ma1lbox.us,visions,456,3500
Jerry,Sykes,1970-09-14,1509960500,JerryweSykes87,smontoya@b1zmail.net,island,457,2800
Dan,Barlow,1956-11-29,5313694058,DanaBarlow90,smccarty49@everyma1l.us,through,458,2200
Jackie,Nolan,1969-11-13,4209248356,JackieitNolan57,ksilva@ma1lbox.net,library,459,3200
Amanda,Greene,1970-12-24,7089967990,AmandaIGreene83,assertsidekick@b1zmail.com,secretly,460,2300
Olivia,Burns,1965-08-18,4874372602,OliviaaBurns2,askedwhere@ma1lbox.us,something,461,3600
Destiny,Allen,1960-03-29,9784148566,DestinyIAllen5,tvalencia@b1zmail.net,sacrifice,462,2400
Andrea,Johnston,1973-02-05,3799484363,AndreaaJohnston36,televisionwicket@somema1l.biz,secretly,463,2500
Darren,Robbins,1971-11-09,6130529863,DarrensoRobbins6,twalls@yah00.com,sacrifice,464,2300
Olivia,Britt,1967-06-24,5747362126,OliviaIBritt41,inasked49@somema1l.us,something,465,2600
Brittany,Burton,1958-12-12,4579896040,BrittanyofBurton6,lwagner@somema1l.org,should,466,2400
Darlene,Osborn,1957-03-23,1178451806,DarleneaOsborn4,jsummers@gma1l.org,assert,467,2800
Theresa,Vaughn,1983-03-31,5536758013,TheresaIVaughn9,manfind@ma1l2u.org,captain,468,2700
Rochelle,Matthews,1968-03-10,1968817917,RochelleaMatthews14,areisland72@everyma1l.co.uk,shepherd,469,3500
Anthony,Ford,1959-11-05,5345555085,AnthonyaFord5,diedends@somema1l.com,visions,470,2700
Tyrone,Harding,1976-06-22,0178407758,TyroneIHarding3,generatedbanging@everyma1l.net,monster,471,3500
Tasha,Kelley,1979-12-26,1147496466,TashatoKelley34,smckenzie@ma1lbox.com,visions,472,2900
Caleb,Rivas,1964-10-26,4482212323,CalebIRivas55,waitedso@hotma1l.net,island,473,3100
Rex,Steele,1970-06-10,5008077010,RexinSteele38,computerwrite@ma1l2u.net,sacrifice,474,3100
Ryan,Briggs,1957-10-26,5288840966,RyanisBriggs95,aobrien@b1zmail.us,library,475,2900
Paul,Stanley,1956-07-11,6868787518,PaulisStanley4,gmartinez@yah00.biz,rabbit,476,3400
Dean,Compton,1981-06-02,6465774369,DeanICompton9,theto@hotma1l.org,sacrifice,477,2700
Joann,Wolf,1980-12-18,4860575198,JoanninWolf7,brich75@everyma1l.com,sacrifice,478,2800
Julie,Wiley,1962-11-29,0437595777,JulietoWiley7,throwwhat@ma1lbox.co.uk,captain,479,2800
Joann,Ramirez,1971-09-03,5379369547,JoannIRamirez16,writefire@ma1l2u.net,numbers,480,2900
Audrey,Watkins,1961-10-26,3267053263,AudreytoWatkins2,sslater@ma1l2u.co.uk,library,481,2300
Christy,Richardson,1982-05-31,8622839368,ChristyisRichardson7,asnow@b1zmail.com,visions,482,2700
Rocky,Wyatt,1970-06-03,9471683652,RockydoWyatt67,thishandled@gma1l.biz,something,483,2200
Jack,Ward,1964-06-02,5705549342,JacktoWard4,alwaysbooks@b1zmail.com,computer,484,2400
Savannah,Joseph,1976-03-15,7612958635,SavannahIJoseph09,salford@b1zmail.us,island,485,3000
Jeannie,Everett,1960-11-12,9556834231,JeannieorEverett3,dreamsto@gma1l.us,people,486,3600
Vincent,Salas,1955-05-16,0501535211,VincentISalas91,webhid@somema1l.biz,assert,487,2800
Jared,Barnett,1959-12-11,0032630290,JaredaBarnett02,cyoung@ma1l2u.co.uk,something,488,3000
Eugene,Kirkland,1975-06-08,4571330036,EugeneaKirkland67,jnixon@gma1l.co.uk,monster,489,2500
Benjamin,Lancaster,1970-08-05,8426920186,BenjaminsoLancaster72,mpierce@gma1l.net,wicket,490,2500
Marion,Macdonald,1959-08-22,9347459671,MarionaMacdonald99,writemuch@b1zmail.biz,interest,491,2900
Paula,Landry,1966-07-22,7022030517,PaulaaLandry02,dhorn@everyma1l.net,captain,492,2900
Betty,Rose,1982-01-19,7457457153,BettyaRose90,jbrown48@everyma1l.com,something,493,2800
Paula,Ward,1959-02-18,9458432069,PaulaIWard26,gooddreams@everyma1l.org,visions,494,3200
Carla,Puckett,1963-11-20,2191309683,CarlaIPuckett18,hmcclain@yah00.org,ending,495,2600
Jeffrey,Holden,1970-09-26,7358868725,JeffreyIHolden9,acombs@somema1l.net,library,496,3500
Joann,Combs,1980-10-24,4737601523,JoannofCombs2,domagnetic@everyma1l.us,something,497,3000
Crystal,Le,1984-11-21,7152248094,CrystalitLe46,umichael@somema1l.co.uk,sacrifice,498,3500
Tyrone,Hayes,1969-02-21,1767400582,TyroneaHayes29,dporter@gma1l.com,should,499,2500
Charlotte,Nunez,1969-12-18,0604182857,CharlottesoNunez0,dpotts@b1zmail.net,something,500,2600
Jody,Ochoa,1978-11-22,4630047345,JodyIOchoa15,fstevens@b1zmail.org,captain,501,3300
Max,McGee,1965-03-04,5351107067,MaxtoMcGee0,bstanton@ma1l2u.co.uk,computer,502,3300
Ronnie,Potter,1969-11-25,4631582104,RonnietoPotter7,ipierce@b1zmail.biz,computer,503,3700
Francis,Small,1960-11-03,9468824805,FrancisinSmall2,manworld@yah00.biz,rabbit,504,2700
Ernest,Mullen,1964-05-20,8167587191,ErnestaMullen6,onthrow@b1zmail.us,sacrifice,505,2100
Barb,Hull,1960-02-19,5070157904,BarbitHull3,toof@yah00.org,assert,506,2200
Tyler,Parks,1979-09-06,3232096772,TylertoParks35,camefire@gma1l.net,should,507,2000
Dale,Lester,1983-07-22,7068850036,DaledoLester78,athis@ma1l2u.us,visions,508,3000
Roberta,Hayden,1965-12-17,6971070678,RobertaisHayden0,dmccall97@ma1l2u.com,suspense,509,3300
Brianna,Cline,1976-01-09,3434993557,BriannaaCline2,mmcgee74@ma1l2u.com,sacrifice,510,2200
Seth,Anthony,1965-03-22,8425332877,SethonAnthony1,lmayo@somema1l.net,sacrifice,511,3200
Jonathon,Wallace,1966-07-14,3177171809,JonathontoWallace80,endingfrom32@b1zmail.biz,trying,512,2900
Clint,Sanchez,1957-09-03,5263057828,ClinttoSanchez3,theyvisions@b1zmail.biz,computer,513,2700
Juanita,Little,1956-09-16,5381430542,JuanitaaLittle5,willwaited@ma1l2u.us,visions,514,2500
Brandi,Figueroa,1967-09-26,2737864813,BranditoFigueroa16,pwise@ma1l2u.us,secretly,515,2600
Clifford,Espinoza,1965-03-05,6525511947,CliffordorEspinoza91,mpennington@everyma1l.net,something,516,2600
Trevor,Solomon,1963-05-30,2798836260,TrevoritSolomon71,diedweb@ma1lbox.org,generated,517,3000
Barbara,Bradley,1966-07-08,6160827594,BarbaraofBradley54,willassert@ma1lbox.com,should,518,2900
Audrey,Holden,1980-03-22,4727100718,AudreyisHolden81,wasi@ma1lbox.co.uk,secretly,519,3100
Pat,York,1982-06-28,7846476059,PatofYork6,hidsofa97@ma1lbox.org,secretly,520,3100
Earl,Snow,1977-11-17,5137056432,EarlorSnow2,arefire@gma1l.biz,waited,521,3200
Marsha,Mayer,1980-05-04,6340362645,MarshaIMayer5,piquehid@gma1l.net,wicket,522,3600
Lynn,Watkins,1976-04-12,5756646793,LynnweWatkins0,adavidson@hotma1l.biz,computer,523,2500
Rose,Swanson,1964-04-08,1039935346,RoseaSwanson6,csanders@gma1l.us,island,524,2600
Mary,Orr,1975-05-23,9510992781,MaryitOrr04,foundworn@gma1l.org,computer,525,2800
Trey,Nielsen,1977-05-29,7624771648,TreyinNielsen98,jwatkins@ma1lbox.com,computer,526,2700
Vanessa,Mathis,1958-08-20,3662847040,VanessaIMathis27,rescuetelevision52@gma1l.us,computer,527,2600
Destiny,Dorsey,1983-05-08,3264848518,DestinytoDorsey26,jblackburn@somema1l.co.uk,library,528,2300
Russell,Jones,1973-08-10,5006440859,RussellaJones99,sofaso@everyma1l.com,through,529,3000
Elaine,Chang,1982-02-22,2055055990,ElainesoChang6,edickinson@gma1l.com,computer,530,2400
Chester,Wheeler,1984-03-08,9656535061,ChesteraWheeler5,wespinoza@ma1lbox.us,generated,531,2300
Martin,Cummings,1967-08-16,6758811088,MartinaCummings96,willend@ma1l2u.org,library,532,2600
Gregory,Strong,1960-10-31,3850331071,GregoryIStrong4,cdoyle@yah00.com,sacrifice,533,3300
Curtis,Davenport,1983-01-04,0026902577,CurtisIDavenport7,ewilliams@everyma1l.com,something,534,2900
Bobbie,Lowe,1969-04-19,9259194778,BobbieaLowe47,fromcomputer@ma1l2u.biz,assert,535,3500
Jeffery,McIntosh,1984-06-25,1216226513,JefferyaMcIntosh85,ondo@yah00.us,secretly,536,3100
Marty,Sellers,1959-10-05,0435895410,MartyisSellers1,mbrown3@yah00.biz,sacrifice,537,3700
Brianna,Rutledge,1956-10-24,4433701485,BriannaweRutledge2,itthey@hotma1l.com,sacrifice,538,2800
Eugene,Van halen,1972-02-17,9732602023,EugeneIVan halen4,ghostend@ma1lbox.co.uk,sacrifice,539,2900
Mason,Bolton,1977-07-19,1117691698,MasonofBolton2,inwhile@ma1lbox.us,sacrifice,540,3600
Chad,Schultz,1968-01-10,1479011594,ChadinSchultz89,lmosley@somema1l.us,something,541,3200
Theresa,Stein,1977-07-01,0559549826,TheresaitStein4,kclay11@somema1l.org,secretly,542,3300
Brenda,Bray,1968-12-28,4536172604,BrendainBray5,ithot68@b1zmail.net,computer,543,2900
Myron,Contreras,1964-01-30,5153693237,MyronofContreras6,dschneider29@b1zmail.net,library,544,2600
Tracey,Callahan,1962-09-13,0983003811,TraceyICallahan3,lhawkins@hotma1l.co.uk,library,545,3500
Chastity,Pate,1968-10-11,0219488720,ChastityIPate3,diedto90@somema1l.biz,trying,546,3400
Dallas,Riley,1971-01-19,4643554973,DallassoRiley2,endingbuild@hotma1l.biz,numbers,547,2500
Alan,Fox,1975-02-16,6609785939,AlanIFox8,captainmany18@somema1l.net,secretly,548,3400
Craig,Cooper,1961-10-03,1131822448,CraigweCooper05,todemanded@somema1l.us,sacrifice,549,3100
Steve,Blake,1966-10-19,3656887522,SteveofBlake6,interestroom@gma1l.biz,monster,550,3200
Eugene,Jensen,1983-12-10,3512445369,EugeneIJensen3,orlist@b1zmail.co.uk,rescue,551,3600
Rochelle,Ashley,1984-07-19,1640644585,RochelleIAshley4,bpratt@yah00.biz,shepherd,552,2100
Sherri,Hoffman,1962-04-30,9308655631,SherridoHoffman3,fromisland@b1zmail.co.uk,visions,553,3200
Joanne,Torres,1962-12-09,5528865019,JoanneaTorres06,kdelacruz@b1zmail.org,window,554,2700
Sabrina,Bass,1978-03-25,6646929248,SabrinaaBass09,lotsnumbers@b1zmail.co.uk,suspense,555,3000
Stacy,Graham,1979-02-04,6226220841,StacyaGraham73,dolibrary@ma1lbox.org,trying,556,3000
Christian,Sykes,1971-12-10,0050972341,ChristianaSykes9,orplane@hotma1l.us,window,557,3100
Glenn,Landry,1970-03-29,7785516520,GlennaLandry76,islandbadly@everyma1l.co.uk,should,558,3200
William,Glass,1957-01-28,0878969053,WilliamaGlass01,iend@somema1l.net,computer,559,3200
Kathryn,McBride,1978-05-27,4117623433,KathrynIMcBride90,webshow@everyma1l.us,library,560,2300
Juanita,McKay,1978-10-05,3851782629,JuanitainMcKay9,wheretrees@yah00.net,should,561,3300
Carmen,Love,1967-07-07,8786594944,CarmenitLove50,lightbadly@ma1l2u.biz,library,562,2700
Kristina,Moore,1979-05-20,5780541064,KristinaisMoore61,badlycame@gma1l.net,should,563,2900
Jared,Herring,1979-11-13,3253495929,JaredIHerring31,aboutcrash90@ma1lbox.net,computer,564,3400
Kim,Welch,1984-07-07,8530600525,KimaWelch86,ssutton@everyma1l.co.uk,something,565,2900
Leroy,Mosley,1972-03-28,5801599830,LeroyIMosley7,rjarvis92@ma1lbox.com,secretly,566,2400
Alissa,Knight,1978-02-07,9772676518,AlissaaKnight37,aboutcode@yah00.org,island,567,2800
Robin,Russell,1965-10-07,5834842625,RobinIRussell7,wantleader@gma1l.us,computer,568,2200
Melody,Pickett,1980-03-18,0548696336,MelodyIPickett60,klong20@b1zmail.biz,something,569,2800
Barb,Glass,1961-11-01,5844693814,BarbnoGlass20,ifrost@yah00.com,secretly,570,2600
Johnathan,Payne,1966-04-16,8772298277,JohnathantoPayne71,jshaw@yah00.biz,computer,571,2500
Shawna,Johnson,1973-08-02,2747820810,ShawnatoJohnson3,listcode0@ma1lbox.biz,monster,572,2400
Heath,Bright,1967-08-07,5437674555,HeathaBright80,rashley@yah00.net,library,573,2300
Linda,Garrison,1983-09-19,1004434803,LindaaGarrison39,ghartman@b1zmail.com,assert,574,2800
Martha,Steele,1964-02-05,0870729701,MarthaaSteele6,mo'neill@everyma1l.org,secretly,575,2700
Alissa,Kane,1959-03-24,2495445470,AlissainKane51,jstokes9@b1zmail.biz,sidekick,576,3100
Pat,Valdez,1961-11-22,0801159192,PattoValdez1,willwill@ma1l2u.us,assert,577,2900
Melissa,David,1971-04-18,8333982919,MelissaIDavid52,foundthey@ma1lbox.com,visions,578,3500
Herbert,Wiggins,1966-03-19,3768084617,HerbertaWiggins55,codeshould@hotma1l.co.uk,sacrifice,579,2900
Kayla,McClain,1961-04-02,3631050686,KaylaaMcClain95,jhart7@gma1l.biz,library,580,3000
Billie,Harrington,1984-02-26,2636055531,BillieIHarrington1,trich@ma1lbox.us,computer,581,3000
Billy,Hester,1970-05-13,9951805782,BillyIHester55,sgonzales@ma1l2u.us,sacrifice,582,3300
Chester,Macdonald,1960-12-15,7571517639,ChesteraMacdonald41,secretlyhatch@yah00.com,generated,583,3100
Angel,Conway,1983-11-03,4581741245,AngelisConway51,rsykes@b1zmail.org,secretly,584,2300
Colton,Bond,1957-01-11,4139127736,ColtontoBond04,wstark@gma1l.co.uk,rescue,585,2900
Karen,Whitfield,1980-06-11,3829759858,KareninWhitfield03,bmontoya@somema1l.net,suspense,586,2900
Joey,Moore,1957-03-17,6972768022,JoeyIMoore2,wronga@ma1lbox.com,people,587,3400
Kayla,Finch,1979-06-14,6122970916,KaylaIFinch3,piquedied@everyma1l.co.uk,wicket,588,3000
Roxanne,Fry,1963-08-20,2875865424,RoxanneitFry28,bwhitney@b1zmail.org,sacrifice,589,3700
Gene,Castro,1972-11-16,5939132993,GeneICastro01,warpwhat@gma1l.biz,rabbit,590,3100
Cheryl,Buck,1983-02-07,1906405639,CherylaBuck57,brichardson@ma1lbox.net,library,591,2500
Roxanne,Gilbert,1967-11-17,1178632575,RoxanneIGilbert79,bmullen@yah00.us,library,592,2800
Danny,Lucas,1978-02-24,4444726775,DannyILucas18,lwelch8@gma1l.co.uk,computer,593,2500
Linda,Soto,1967-03-19,6277802640,LindaaSoto6,totrees@gma1l.biz,visions,594,2800
Timmy,Walker,1979-12-05,1477104250,TimmyIWalker85,openlost@somema1l.co.uk,visions,595,2600
Virginia,Patterson,1966-07-18,0608745916,VirginiawePatterson1,hsweeney@yah00.org,visions,596,3100
Stephen,Spencer,1957-06-22,9845254355,StepheninSpencer0,dreamsdemanded@yah00.co.uk,secretly,597,3600
Doug,Pena,1955-07-15,9259721749,DougIPena00,untilwhile@ma1lbox.us,sacrifice,598,3000
Wesley,Becker,1973-12-26,4754711693,WesleyitBecker7,dshort@hotma1l.us,waited,599,2100
Arthur,House,1960-05-18,4212982324,ArthurIHouse5,thisdiscovered83@somema1l.biz,captain,600,3000
Cameron,Juarez,1959-02-05,5661705973,CameronIJuarez5,diedgood@b1zmail.com,island,601,2900
Stacey,McKnight,1974-07-24,7961390912,StaceyIMcKnight05,jstephens@ma1lbox.org,secretly,602,3000
Ashley,McKenzie,1955-08-21,3059767119,AshleyIMcKenzie05,tnichols@ma1lbox.com,something,603,2900
Tracie,Stewart,1957-10-02,4323741813,TraciesoStewart5,hidof@b1zmail.net,something,604,2500
Alissa,Herrera,1979-04-21,2690606634,AlissatoHerrera4,weboon6@somema1l.net,sidekick,605,3300
Valerie,Key,1975-02-20,6237192775,ValeriesoKey2,adad@hotma1l.biz,rescue,606,2900
Vivian,Beck,1966-11-13,0397365519,VivianIBeck2,lwalsh@hotma1l.org,sacrifice,607,2100
Hunter,Hogan,1972-12-20,9385163244,HunteraHogan01,aross@somema1l.com,sacrifice,608,3300
Russ,Bentley,1984-09-04,0541923673,RussweBentley71,dreamswill@ma1lbox.co.uk,captain,609,2900
Katrina,Bryan,1974-05-30,9068669324,KatrinaofBryan84,thisi@everyma1l.co.uk,something,610,2900
Fred,Rowe,1963-09-23,1268431205,FredisRowe55,aramos@somema1l.co.uk,library,611,3200
Vickie,Roberts,1960-10-21,9452552923,VickieIRoberts6,thecomputer99@everyma1l.com,computer,612,3600
Danny,Kelley,1979-11-09,2244033000,DannyitKelley7,hatchor maybe@b1zmail.net,library,613,2900
Kayla,Walsh,1975-04-16,3673260505,KaylaaWalsh60,kbush@yah00.org,secretly,614,2900
Ian,Lloyd,1978-01-18,7039851338,IanofLloyd9,whenhold@ma1l2u.us,through,615,3000
Joel,Frost,1970-03-27,6421173683,JoeltoFrost56,moveddiscovered@ma1lbox.net,visions,616,2200
Mother,Rosales,1974-09-16,9385990692,MotherIRosales6,dmcfadden@gma1l.co.uk,generated,617,3300
Wesley,Schroeder,1960-05-24,2924124090,WesleyinSchroeder10,frommany@yah00.net,computer,618,2300
Katrina,Cobb,1982-11-09,0695185968,KatrinaaCobb18,rhayes@ma1lbox.us,window,619,2900
Kristina,Wise,1971-04-18,8170273344,KristinaonWise24,pchavez@everyma1l.org,generated,620,3000
Timmy,Burris,1976-01-31,0220563190,TimmyofBurris7,suspenseare@gma1l.biz,sacrifice,621,3600
Roger,Hayes,1957-08-23,7902041877,RogeraHayes6,demandedshow@yah00.org,interest,622,3400
Jeremy,Houston,1971-11-13,3519141539,JeremyweHouston50,acaves@gma1l.us,secretly,623,2200
Trisha,Cortez,1974-04-08,5185977985,TrishaaCortez97,wgiles79@everyma1l.us,sacrifice,624,3000
Rocky,Crawford,1958-11-20,0134244568,RockyweCrawford15,jwilkerson@ma1l2u.co.uk,should,625,3200
Clara,Munoz,1962-05-30,9004272990,ClaraonMunoz2,wornalways@somema1l.biz,through,626,3400
Eugene,Dominguez,1969-09-13,3261296694,EugeneaDominguez58,alwaysit's@ma1l2u.co.uk,visions,627,3200
Lisa,Callahan,1983-03-07,5049849945,LisaaCallahan74,jglenn@ma1l2u.org,assert,628,3600
Christine,Carpenter,1982-01-20,4075785870,ChristinesoCarpenter48,chines@somema1l.com,assert,629,2200
Noah,Dawson,1982-03-29,0455882221,NoahIDawson48,throwabout@somema1l.com,something,630,3100
Cheyenne,Dickerson,1976-07-10,9328998153,CheyenneIDickerson3,mmonroe@somema1l.com,window,631,3300
Dallas,Blankenship,1968-08-14,1148017465,DallasaBlankenship6,ccharles@gma1l.biz,library,632,2900
James,Valenzuela,1963-11-12,1913539123,JamesweValenzuela50,jpreston@gma1l.co.uk,something,633,3300
Cody,James,1957-08-31,3263792416,CodyweJames36,wantor@everyma1l.us,monster,634,3600
Daniel,Lowe,1956-08-19,5886186102,DanieltoLowe0,mbates@gma1l.co.uk,visions,635,3300
Donald,Francis,1969-12-27,3045136356,DonaldaFrancis6,lwilson@gma1l.biz,computer,636,2600
Logan,Schultz,1977-03-10,2807335158,LoganaSchultz66,twebb@hotma1l.net,computer,637,3100
Teresa,Silva,1965-01-08,2045180336,TeresatoSilva2,scrosby@hotma1l.co.uk,computer,638,2600
Louis,Madden,1967-04-06,1789820256,LouisaMadden3,ljarvis@ma1l2u.biz,sidekick,639,3100
Gary,Parrish,1977-01-08,3015149983,GaryinParrish61,wrongof@somema1l.com,something,640,3600
Dillon,Fields,1981-08-27,6568508324,DillonIFields0,coldi@b1zmail.us,secretly,641,3600
Jeffery,Wyatt,1962-08-07,4557090547,JefferyIWyatt94,throwgenerated@hotma1l.net,computer,642,2900
Emily,Sherman,1982-10-25,1862525685,EmilyISherman35,illcame@yah00.org,visions,643,3100
Kristy,Kirk,1981-05-13,2681757983,KristytoKirk4,ahuff@everyma1l.co.uk,window,644,2800
Andrew,Terrell,1960-04-04,3143036440,AndrewonTerrell69,wrongin@b1zmail.co.uk,visions,645,2800
Jim,Whitehead,1965-01-18,5421500427,JimisWhitehead1,nbanks@yah00.us,dreams,646,3300
Kim,Salazar,1956-06-20,4687132415,KimaSalazar7,leadercode@yah00.com,sacrifice,647,2100
Carolyn,McFarland,1982-12-24,0880526527,CarolynaMcFarland0,rcase@ma1lbox.co.uk,sacrifice,648,3700
Clifford,Barton,1969-06-29,8165533303,CliffordaBarton22,boondied@yah00.us,something,649,3200
Janice,Moore,1975-07-26,8325391455,JaniceofMoore4,gyates@b1zmail.us,demanded,650,3000
Mike,Barber,1963-04-27,4919697525,MikeaBarber17,islandpique@ma1l2u.com,interest,651,2400
Tommy,Jones,1974-01-06,1423660676,TommytoJones7,iisland@hotma1l.biz,ending,652,3100
Tiffany,Sargent,1980-05-28,6772542423,TiffanyISargent54,shipthis@everyma1l.co.uk,wicket,653,2900
Jodi,Kemp,1978-08-10,9045989416,JodiaKemp0,lheath@b1zmail.com,interest,654,2900
Sheila,Jackson,1981-10-12,0771668487,SheilaasJackson0,acortez@ma1l2u.biz,should,655,2400
Max,Trujillo,1964-09-23,0747056912,MaxaTrujillo27,askedending43@ma1l2u.net,sacrifice,656,3400
Levi,Velez,1976-11-26,7145643542,LeviofVelez8,smoody@gma1l.net,should,657,3200
Todd,Hernandez,1955-06-26,1741156395,ToddIHernandez40,toit's@b1zmail.biz,wicket,658,2700
Trevor,Brewer,1978-03-18,0924159560,TrevorIBrewer2,hatchhold@everyma1l.co.uk,sacrifice,659,3400
Stephanie,Owen,1966-07-21,5538657195,StephanietoOwen1,holdthis85@ma1l2u.net,library,660,2200
Candy,Richard,1959-03-20,9639630261,CandytoRichard19,jchase@ma1l2u.org,rabbit,661,3200
Tim,Patel,1982-07-10,7586950220,TimIPatel31,inwas@hotma1l.biz,sacrifice,662,2900
Ethan,Stanton,1971-04-30,5730394312,EthantoStanton33,wantshould40@ma1lbox.co.uk,something,663,2900
Colton,York,1959-02-09,0001348351,ColtonitYork5,kbaldwin@ma1lbox.us,secretly,664,2500
Teresa,Conner,1960-10-07,6873886036,TeresaitConner2,buildends@ma1l2u.net,computer,665,3300
Dave,Ramsey,1983-03-15,9604083945,DaveorRamsey16,camethey32@ma1l2u.co.uk,monster,666,3000
Jeremiah,Oliver,1968-03-30,2512646416,JeremiahisOliver54,buildweb53@somema1l.net,people,667,2200
Leonard,Wagner,1970-06-11,8563700367,LeonardaWagner8,kriley@hotma1l.biz,assert,668,2000
Alyssa,Elliott,1984-02-10,2558387222,AlyssainElliott0,planeheadphones@ma1lbox.co.uk,library,669,3100
Brandi,Reeves,1972-08-17,1929994033,BrandiaReeves5,constantlywho@gma1l.net,assert,670,2800
Judy,Leon,1964-05-30,1287810143,JudyaLeon8,willsofa@b1zmail.co.uk,sacrifice,671,3000
Erin,Atkins,1966-06-15,2985695563,ErinitAtkins1,iwaited@ma1l2u.us,something,672,3200
Jonathon,Pittman,1983-09-04,2836759106,JonathoninPittman0,willwaited@gma1l.com,library,673,2500
Ian,Marshall,1969-10-24,2447879056,IanIMarshall9,cpratt@everyma1l.co.uk,dreams,674,2600
Brenda,Levine,1976-06-07,9845410578,BrendaILevine2,monsterisland55@yah00.co.uk,computer,675,3700
Keith,Dickerson,1958-11-15,3155945645,KeithtoDickerson0,jsampson@everyma1l.com,sacrifice,676,2100
Benjamin,Lee,1978-09-06,3042621681,BenjaminaLee1,enterare@yah00.co.uk,should,677,2800
Samuel,Roman,1977-05-10,2526928125,SamuelsoRoman11,pullit53@everyma1l.co.uk,rabbit,678,2100
Raymond,Larson,1962-09-22,8322606061,RaymondILarson1,kcunningham@hotma1l.biz,library,679,2600
Regina,Harris,1961-08-06,3363937491,ReginaaHarris86,jgates@ma1lbox.org,window,680,2500
Sydney,Moon,1968-05-09,3040546973,SydneyofMoon5,lbest@everyma1l.biz,rabbit,681,3200
Marilyn,Martinez,1984-08-26,5891411552,MarilyndoMartinez9,aselse@yah00.biz,should,682,3000
Sabrina,McNeil,1970-01-21,8074978906,SabrinaaMcNeil8,agilliam@ma1l2u.co.uk,visions,683,2700
Marsha,Good,1982-09-25,4363280641,MarshaaGood20,rlewis@somema1l.com,visions,684,2600
Benjamin,Soto,1976-04-23,3554108100,BenjaminofSoto57,peopleassert@everyma1l.co.uk,secretly,685,2900
Charlie,Sawyer,1958-01-11,6393906473,CharlieISawyer7,jadams@hotma1l.co.uk,sacrifice,686,2100
Renee,Floyd,1980-05-09,9753426157,ReneeIFloyd0,javila@ma1lbox.org,sacrifice,687,3200
Erika,Potts,1982-07-23,2777819163,ErikaIPotts07,worldwindow@somema1l.biz,numbers,688,3000
Rick,Albert,1967-07-28,0274052252,RickaAlbert6,holson@ma1lbox.us,island,689,3600
Steve,Holt,1962-09-06,5022580796,StevetoHolt26,jburns@hotma1l.com,sacrifice,690,3700
Laura,Barry,1968-02-05,1180242707,LauraaBarry82,rabbitalways@hotma1l.co.uk,suspense,691,3500
Tonya,Mullen,1970-11-08,9382601206,TonyaIMullen71,itfrom47@everyma1l.net,computer,692,2900
Floyd,Lowe,1981-01-25,5553091362,FloydsoLowe56,roomit's@b1zmail.biz,captain,693,3100
Diana,Albert,1979-03-13,3425887077,DianaorAlbert2,findin@ma1l2u.biz,rescue,694,3300
Sabrina,Pittman,1958-10-15,4695545839,SabrinaIPittman49,dreamshid44@everyma1l.co.uk,library,695,2600
Brooke,Alford,1955-09-07,7445368509,BrookeIAlford46,smckinney0@yah00.biz,library,696,2300
Terri,Strong,1960-04-08,6824421447,TerriaStrong2,fconway@everyma1l.com,visions,697,2800
Sara,Gibson,1966-02-08,8457576126,SaraaGibson8,tcoleman@ma1l2u.co.uk,assert,698,2800
Glenn,Owen,1984-08-25,7845001756,GlenninOwen48,jbooth46@b1zmail.org,monster,699,2300
Arthur,Sosa,1975-05-03,7779993191,ArthurISosa5,kking@b1zmail.com,something,700,3500
Pete,Madden,1979-12-09,9864387841,PeteaMadden3,lightlock@ma1l2u.co.uk,should,701,2700
Allen,Barr,1971-01-18,8322278248,AllenitBarr79,shodges57@b1zmail.com,window,702,2800
Duane,Day,1962-12-28,6537219753,DuanesoDay14,dconrad@ma1l2u.org,secretly,703,3600
Robert,Owen,1966-09-10,8886096708,RobertisOwen89,sstewart@ma1lbox.net,sacrifice,704,2400
Brandy,Baker,1970-11-15,4019887554,BrandyIBaker8,dlynch@ma1l2u.com,rabbit,705,3100
Sheila,Hancock,1958-03-01,9327927425,SheilaaHancock0,acollins@ma1lbox.co.uk,magnetic,706,3700
Derek,Rogers,1980-04-20,9927637189,DerekisRogers77,tpeterson@gma1l.biz,library,707,2400
Erin,Bowman,1961-01-17,6307726394,ErinofBowman9,bmendez34@somema1l.co.uk,something,708,3700
Beth,Hill,1965-01-19,6100229516,BethitHill27,wickethot@ma1l2u.net,demanded,709,3000
Katrina,Glover,1965-02-21,6486963093,KatrinatoGlover58,generatedlibrary@somema1l.co.uk,library,710,3300
Everett,Gentry,1972-02-14,7126480972,EverettIGentry58,wanttelevision46@ma1l2u.org,library,711,3100
Gina,Best,1979-03-30,5249139366,GinaIBest35,wordsdo@hotma1l.us,always,712,2200
Jeffrey,Baird,1970-01-09,4104749854,JeffreyIBaird3,peoplepique@gma1l.us,captain,713,2900
Erika,Valencia,1970-08-14,6589139621,ErikaaValencia47,bookscaptain6@hotma1l.com,visions,714,3600
Vanessa,Nichols,1969-02-25,8987230773,VanessatoNichols4,jgregory@gma1l.co.uk,secretly,715,3500
Rodney,Landry,1967-05-30,0960455009,RodneytoLandry3,dgriffin2@hotma1l.net,wicket,716,2300
Benjamin,Dalton,1968-04-28,4497922977,BenjaminIDalton32,bbarber@hotma1l.org,visions,717,2600
Everett,Heath,1983-01-25,3245309040,EverettisHeath34,wvan halen@somema1l.biz,visions,718,2900
Chris,Luna,1955-04-27,6513237639,ChrisweLuna81,rbooth@hotma1l.us,sacrifice,719,3100
Bobby,Meyer,1970-09-14,1353538947,BobbyinMeyer4,tdale@gma1l.com,computer,720,3500
Sydney,Ross,1962-01-31,4667879741,SydneyaRoss69,roomare@yah00.org,something,721,2900
Jake,Ramsey,1973-01-12,8393907017,JakesoRamsey5,bgraham@ma1lbox.org,ending,722,2400
Mark,Ruiz,1974-07-16,2271090438,MarkaRuiz0,chudson@everyma1l.com,assert,723,2900
Randall,Morales,1977-05-08,2761031218,RandallitMorales31,leaderend@hotma1l.us,ending,724,3100
Dawn,Jordan,1980-02-26,5619372929,DawnmyJordan18,dmcfarland@ma1l2u.us,something,725,3000
Marsha,Cole,1969-03-10,9458075290,MarshaICole8,windowis@gma1l.org,island,726,2400
Marsha,Welch,1984-04-02,7180664297,MarshatoWelch9,assertisland@gma1l.net,numbers,727,2100
Dillon,Lowery,1978-11-13,6304759649,DillonitLowery3,bworkman1@everyma1l.co.uk,sacrifice,728,2300
Chelsea,Chan,1972-11-17,9375568876,ChelseainChan54,wenumbers@everyma1l.biz,visions,729,2700
Alan,Dunlap,1963-02-15,0688185370,AlanIDunlap39,camein@yah00.co.uk,sacrifice,730,3000
Raymond,Soto,1971-04-04,8643459703,RaymondisSoto40,ndoyle38@yah00.org,library,731,2300
Clifford,Noble,1971-12-04,4856767845,CliffordaNoble75,dbarlow@ma1l2u.us,secretly,732,3000
Marty,Solis,1972-05-04,4368720688,MartyofSolis9,hsavage@somema1l.com,library,733,3100
Jean,Rojas,1960-05-16,2482799297,JeanIRojas1,shepherdor@yah00.org,library,734,3500
Seth,Ingram,1983-07-21,1011515761,SethsoIngram0,camegood62@yah00.net,computer,735,2200
Jacob,Zamora,1959-05-18,3373305430,JacobIZamora92,somethinghat79@everyma1l.com,rabbit,736,3700
Hope,McIntosh,1973-10-29,2440168908,HopeIMcIntosh11,nvega@ma1lbox.net,computer,737,3000
Keith,Woodward,1983-09-19,0305662308,KeithitWoodward72,vcollier46@hotma1l.us,computer,738,3200
Duane,Franklin,1967-10-31,4931780248,DuaneIFranklin5,tookisland@somema1l.org,suspense,739,2700
Tabitha,Soto,1965-11-28,5038390441,TabithaISoto4,dshepard24@b1zmail.org,sacrifice,740,2600
Billy,O'neill,1973-10-19,3282819817,BillyasO'neill40,theylibrary@yah00.com,secretly,741,2700
Janice,Walters,1982-03-25,1869772855,JaniceIWalters3,kharmon80@yah00.co.uk,probably,742,2000
Edward,Caldwell,1980-02-15,0605241811,EdwardICaldwell9,kbauer@yah00.us,rescue,743,2100
Marvin,Ortiz,1959-01-23,2236343276,MarvinaOrtiz34,itopen@ma1l2u.org,window,744,2600
Tyler,Colon,1972-10-21,6489857378,TylerinColon48,gmcknight@b1zmail.net,computer,745,2900
James,Boyd,1974-11-24,3568264593,JamesIBoyd87,suspensewill88@ma1lbox.biz,sacrifice,746,2900
Casey,Graves,1958-05-01,2727300111,CaseyaGraves21,cgallagher@gma1l.co.uk,sidekick,747,3000
Laken,Gallegos,1976-03-15,3822557063,LakenonGallegos4,camecame@yah00.org,secretly,748,3300
Karen,Franks,1969-02-17,8164451817,KarenweFranks16,kblanchard@yah00.biz,visions,749,2700
Ian,Newton,1976-02-06,0691430015,IanofNewton2,buildplane74@b1zmail.net,island,750,2800
Derek,Anderson,1969-01-17,0574061151,DerekofAnderson80,rholloway@hotma1l.com,secretly,751,2300
Toni,Bradshaw,1983-05-09,4285489512,TonisoBradshaw93,mhobbs26@gma1l.net,library,752,3600
Janet,Pena,1963-08-27,6999983189,JanetasPena8,shepherdconstantly@somema1l.org,something,753,3000
Arthur,Sandoval,1964-10-31,2258491394,ArthuraSandoval57,theyplane@yah00.co.uk,library,754,2900
Tonya,York,1984-02-27,5768219825,TonyaIYork4,areed@everyma1l.us,island,755,3200
Tonya,Jimenez,1966-10-06,6196197975,TonyaitJimenez8,wordsthey@b1zmail.org,sacrifice,756,2900
Jenny,Cameron,1967-10-11,4925038628,JennyasCameron0,lgaines@ma1l2u.biz,something,757,3300
Aaron,Oconnor,1975-07-28,4677480537,AaronitOconnor92,kharrison@yah00.net,secretly,758,2600
Tracie,Bender,1962-10-01,0918148442,TracieIBender6,ggreer@somema1l.com,library,759,2500
Tessa,Calderon,1976-09-02,1992080663,TessaitCalderon98,areit49@hotma1l.com,computer,760,3000
Kaylee,Cameron,1968-02-06,6448585550,KayleedoCameron13,snieves@gma1l.us,sacrifice,761,2600
Natasha,Alvarez,1984-11-09,3512048800,NatashainAlvarez77,wrongof@hotma1l.us,library,762,2200
Kristy,Pope,1982-04-07,7321907428,KristyIPope44,infrom@ma1l2u.net,library,763,3000
Vickie,Graham,1979-08-24,0888803817,VickietoGraham37,acaves@gma1l.us,ending,764,2700
Julia,Cruz,1980-01-21,6281270938,JuliaofCruz3,jjensen@gma1l.us,monster,765,2200
Marlene,Wilder,1974-12-18,4592730272,MarleneinWilder7,alang@ma1l2u.biz,interest,766,3000
Cynthia,Moon,1965-10-22,0646858595,CynthiaitMoon14,ehampton77@hotma1l.us,library,767,3300
Jared,Chang,1982-07-24,1019442707,JaredIChang53,cferguson@hotma1l.co.uk,window,768,3400
Doris,Delacruz,1957-05-01,1262924085,DorisIDelacruz5,hhooper@ma1lbox.biz,computer,769,2500
Don,Hooper,1980-08-06,7273639977,DononHooper87,smcguire23@somema1l.com,island,770,3200
Carmen,Jenkins,1956-05-24,1820763688,CarmenonJenkins0,wkim@ma1lbox.us,should,771,2500
Heath,Acosta,1968-09-01,4027613559,HeathIAcosta3,cbailey@hotma1l.com,computer,772,3400
Ronda,Burnett,1972-03-22,5176657324,RondaaBurnett5,lbush@b1zmail.com,something,773,3000
Sandra,Woods,1962-09-25,1710204242,SandraonWoods8,lotsship3@ma1l2u.co.uk,something,774,2800
Laken,Wells,1956-12-10,0344065371,LakenIWells74,tfrye89@hotma1l.us,ending,775,2700
Kayla,Avila,1984-10-24,4069409353,KaylatoAvila50,tshannon@ma1l2u.us,visions,776,2100
Donna,Fleming,1957-03-09,1187563012,DonnaIFleming6,ssweeney@ma1l2u.org,computer,777,3300
Katherine,Hoffman,1966-06-25,5919136664,KatherineorHoffman7,warpon97@b1zmail.co.uk,always,778,2600
Ricky,Terrell,1968-04-16,4526204907,RickyaTerrell9,towords@ma1l2u.com,sacrifice,779,2600
Mickey,Davis,1976-10-06,7782629934,MickeyaDavis22,csimpson@somema1l.us,captain,780,3400
Destiny,Payne,1955-04-09,1287622089,DestinywePayne33,endssmoke@everyma1l.us,ending,781,2900
Paul,Fisher,1977-06-10,3354309154,PaulaFisher54,cwatts@b1zmail.biz,assert,782,2700
Peggy,Hewitt,1982-07-15,3498760157,PeggyaHewitt82,mryan@yah00.com,computer,783,3700
Darrell,Lowe,1961-05-21,2962905821,DarrellitLowe42,myno@ma1lbox.us,magnetic,784,2300
Justin,Bryan,1956-12-15,9694676414,JustininBryan96,shepherdabout2@gma1l.biz,banging,785,3400
Cameron,McDaniel,1966-03-16,7267460541,CameronaMcDaniel45,ofsecretly@hotma1l.net,secretly,786,2600
Alan,Vega,1983-07-31,1788472075,AlandoVega90,chart80@everyma1l.net,sacrifice,787,3300
Pamela,Stephens,1974-04-05,6855301693,PamelaofStephens1,movedit@yah00.org,computer,788,3200
Kenny,Morales,1972-09-16,8026507863,KennyofMorales9,probablyhandled@everyma1l.us,captain,789,3000
Zachary,Mullins,1972-05-14,3894342441,ZacharyaMullins3,rroman@gma1l.com,generated,790,3600
Danielle,Brown,1955-11-06,2054506575,DanielletoBrown9,whilenumbers@somema1l.org,computer,791,2600
Vickie,Shepherd,1962-06-20,7621207232,VickieIShepherd5,wicketwicket2@ma1l2u.org,computer,792,2600
Nicole,Cunningham,1955-06-28,9449258592,NicoleweCunningham3,throughhat@ma1l2u.us,visions,793,3200
Jill,Pace,1956-08-08,6721314121,JillaPace1,dabbott@b1zmail.net,sacrifice,794,2800
Judy,Alvarado,1956-10-01,1947993867,JudyIAlvarado01,djones@ma1l2u.com,sacrifice,795,2500
Chase,Benson,1974-12-16,3760155600,ChaseaBenson09,suspenselist@gma1l.com,sacrifice,796,3600
Willie,Andrews,1982-07-14,5381856595,WillieofAndrews20,mcrosby@everyma1l.org,island,797,3100
Rick,Gibson,1980-05-10,3155032573,RickinGibson31,lsandoval@everyma1l.co.uk,captain,798,2500
Eddie,Love,1975-01-07,5071347059,EddieisLove88,jhanson@somema1l.org,secretly,799,3500
Nicholas,Cervantes,1980-12-13,8605653541,NicholasICervantes6,tcantrell@everyma1l.biz,computer,800,3700
Judy,Ellis,1972-05-30,8856467955,JudyinEllis9,sabbott@b1zmail.org,library,801,2900
Lois,McLean,1959-02-27,2131663345,LoisIMcLean1,badlyplane@gma1l.com,sidekick,802,2900
Wanda,English,1984-10-27,4588028128,WandaisEnglish21,camewith@ma1l2u.net,computer,803,2700
Debra,Farrell,1958-03-09,4317513315,DebraIFarrell8,acame@everyma1l.us,something,804,2400
Connie,Aguilar,1983-07-31,9344702011,ConnieaAguilar87,cameit@b1zmail.org,secretly,805,3500
Joann,Goff,1970-06-18,4516205178,JoannitGoff82,jbonner@yah00.net,something,806,2500
Pete,Pittman,1983-09-09,2069917324,PetedoPittman07,kjoyce@somema1l.biz,secretly,807,2600
Tiffany,Skinner,1978-04-30,4544064161,TiffanyISkinner94,visionsghost@yah00.us,captain,808,3100
Richard,Merritt,1974-10-23,9614925780,RichardisMerritt6,weisland@yah00.com,library,809,2900
Melissa,Shaw,1969-05-01,7066199397,MelissaIShaw91,ahenson@somema1l.biz,secretly,810,2500
Alan,Hebert,1972-02-24,5583965016,AlanaHebert11,havemy@hotma1l.biz,should,811,3300
Gina,Sparks,1968-12-20,8248149288,GinaonSparks5,libraryuntil@yah00.co.uk,sacrifice,812,2700
Mandy,Glenn,1979-05-24,6609187312,MandyIGlenn6,djames38@ma1l2u.us,computer,813,2800
Rob,Bullock,1973-02-01,7871689277,RobsoBullock3,rglover@ma1l2u.com,assert,814,2800
Wayne,Prince,1965-10-17,4669946603,WaynewePrince9,tblack@b1zmail.us,island,815,2700
Darlene,Guthrie,1956-05-20,5756002831,DarleneorGuthrie1,tryingghost@everyma1l.org,something,816,2300
Jeannie,Battle,1968-02-13,1723452582,JeannieinBattle4,gcollier@somema1l.net,computer,817,2600
Natasha,Kim,1964-09-10,6446512493,NatashaaKim91,despinoza@ma1l2u.co.uk,library,818,2300
Tracy,Acosta,1958-02-28,4325965868,TracyitAcosta03,spittman@hotma1l.com,monster,819,3100
Alicia,Summers,1955-10-11,7257021240,AliciaaSummers8,writecame@hotma1l.net,always,820,2700
Frank,Scott,1975-07-11,2714357585,FrankIScott2,visionsopen88@everyma1l.co.uk,library,821,3000
Cody,Marsh,1977-11-19,6294649496,CodyIMarsh38,untilweb@ma1l2u.us,computer,822,2800
Lloyd,Ross,1955-07-22,0009476749,LloydaRoss74,werescue@everyma1l.biz,library,823,3200
Jamie,Rodriguez,1965-05-24,9293320921,JamiesoRodriguez17,bward27@hotma1l.org,something,824,2600
Craig,Blevins,1967-01-16,2619790333,CraigisBlevins7,efields@ma1l2u.co.uk,secretly,825,2500
Randall,Osborn,1972-07-18,1782342067,RandalltoOsborn9,ballspeed@ma1l2u.net,trying,826,3100
Toni,Joyner,1959-11-15,2153252673,ToniweJoyner23,dwooten@yah00.org,secretly,827,2900
Darren,Foley,1966-11-22,3625907956,DarrenaFoley9,clamb@everyma1l.net,assert,828,2500
Ginger,Flowers,1982-08-22,8683522086,GingerdoFlowers0,joliver@ma1l2u.org,computer,829,2700
Debra,Crawford,1961-05-11,8803331820,DebraaCrawford87,awells45@yah00.co.uk,sacrifice,830,3000
Mason,Boyer,1968-09-07,9503010727,MasonisBoyer70,aholloway@ma1lbox.co.uk,wicket,831,2200
Rachael,Valencia,1960-05-27,5504910355,RachaelinValencia6,diedwarp@yah00.biz,window,832,2900
Zachary,Blair,1972-07-11,5972240395,ZacharydoBlair2,areinterest@hotma1l.co.uk,rescue,833,3500
Eugene,Whitaker,1962-10-26,9950447753,EugenetoWhitaker4,intelevision@b1zmail.co.uk,should,834,3000
Summer,Andrews,1961-09-27,4998321498,SummerisAndrews0,movedprobably63@everyma1l.com,assert,835,2800
Joyce,Stone,1958-11-28,1157641908,JoycetoStone6,headphonesrabbit@somema1l.com,sacrifice,836,3300
Michelle,Parks,1981-04-25,0479142926,MichelleweParks53,cgreen82@ma1lbox.us,rabbit,837,3700
Randy,Nicholson,1960-11-21,8312707732,RandyitNicholson98,creed@b1zmail.net,assert,838,2400
Judy,O'neill,1962-03-30,4043176967,JudyIO'neill6,kcopeland@hotma1l.co.uk,computer,839,2700
Alan,Moreno,1981-05-08,3855395725,AlanofMoreno75,wordswindow@yah00.net,sacrifice,840,3000
Chris,Hurst,1959-09-27,5527383620,ChrisIHurst49,lmoreno41@yah00.us,sacrifice,841,2900
Trent,Riggs,1965-05-12,6417014511,TrentaRiggs55,probablyisland@somema1l.com,rescue,842,2800
Logan,Palmer,1975-12-03,8300606847,LoganaPalmer96,magneticas12@ma1lbox.co.uk,secretly,843,3400
Tara,Bond,1968-02-02,4807061255,TaraaBond4,tmoon@hotma1l.us,trying,844,2600
Shawn,Chaney,1981-05-12,5558557818,ShawnaChaney7,bbeard@hotma1l.com,computer,845,3500
Lindsay,Manning,1973-03-09,0692576879,LindsaydoManning62,araymond@everyma1l.us,ending,846,2800
Heidi,Durham,1973-05-05,6261354774,HeidiofDurham09,nvaldez@hotma1l.net,computer,847,3500
Tara,Woods,1980-08-27,1885957692,TaraaWoods5,sboyer22@hotma1l.org,sacrifice,848,3200
Nicholas,Winters,1958-07-09,9797154570,NicholasinWinters11,init@everyma1l.net,captain,849,2800
Lee,Ross,1976-01-29,3703665071,LeeaRoss39,dparker@gma1l.com,trying,850,2900
Frank,Nicholson,1977-09-28,1765044125,FrankofNicholson94,hcaldwell@ma1l2u.co.uk,sacrifice,851,3600
Sandra,Browning,1968-09-17,6817617134,SandraIBrowning72,balldreams@b1zmail.net,sacrifice,852,2400
Jade,Glenn,1970-02-02,1591893937,JadeofGlenn6,nohid@ma1lbox.co.uk,assert,853,3000
Heather,Ayala,1982-04-28,3688362906,HeathersoAyala2,visionsdemanded@b1zmail.net,library,854,2900
Chelsea,Adkins,1961-09-10,5536180359,ChelseaIAdkins6,rescueopen11@ma1lbox.org,through,855,3400
Levi,Ruiz,1980-12-05,8796798575,LeviofRuiz70,muchwarp@gma1l.com,should,856,3100
Marsha,Burnett,1980-07-04,3556353863,MarshaIBurnett8,shester@yah00.us,something,857,2300
Breanna,Hancock,1964-12-20,8497280134,BreannatoHancock26,badlyisland@somema1l.biz,island,858,3500
Alexis,Monroe,1981-09-26,2044445017,AlexisIMonroe4,dmayer2@gma1l.co.uk,library,859,2600
Randall,Holt,1969-03-05,4632927808,RandallitHolt1,dlane@ma1l2u.biz,generated,860,3300
Willie,Sears,1977-11-13,2366167183,WillieitSears3,vray@hotma1l.us,sacrifice,861,3700
Kaitlyn,Trujillo,1978-12-04,6424115142,KaitlynaTrujillo3,hatmuch@b1zmail.co.uk,rescue,862,2900
Miranda,David,1982-12-26,8702576902,MirandaaDavid7,shampton@somema1l.org,visions,863,3300
Doris,Benson,1979-06-22,8477522441,DorissoBenson90,sillshepherd15@hotma1l.net,visions,864,3600
Michael,Holder,1982-08-17,7927375759,MichaelaHolder1,ofothers78@yah00.us,computer,865,2900
Randi,Bell,1977-09-04,1108190961,RandiaBell28,roomof@ma1l2u.org,should,866,2500
Mandy,Ayala,1967-06-20,0157104646,MandyinAyala0,windowworn@b1zmail.co.uk,library,867,2600
Joe,Baird,1959-03-07,9103721254,JoetoBaird80,msampson27@somema1l.com,assert,868,2200
Karen,Frye,1983-10-18,8170024060,KarentoFrye3,hworkman@ma1lbox.us,secretly,869,3500
Danielle,Paul,1955-04-17,2443226285,DanielleIPaul1,djuarez@ma1l2u.org,trying,870,2900
Brett,Wilder,1970-01-05,7217987452,BretttoWilder6,itlock77@everyma1l.us,visions,871,2300
Hunter,Haley,1969-10-19,7194616455,HunteraHaley25,islandpique@everyma1l.co.uk,visions,872,2900
Martin,Head,1979-05-14,6156234068,MartininHead4,tolost@everyma1l.us,generated,873,2700
Autumn,Rivers,1956-07-23,8021522829,AutumnitRivers94,probablyhatch@yah00.com,something,874,2500
Brianna,Blackburn,1976-09-06,5360607689,BriannaIBlackburn36,shepherdin@hotma1l.us,secretly,875,2400
Doris,O'neal,1957-09-23,1106677205,DorisofO'neal33,hotsofa@yah00.biz,monster,876,3100
William,Peck,1963-05-11,9945223498,WilliamIPeck88,speedhot@b1zmail.com,something,877,2600
Elizabeth,Langley,1972-11-10,7523974631,ElizabethILangley9,bhenry@yah00.co.uk,something,878,3300
Tony,Blackwell,1956-12-17,8861135158,TonyIBlackwell41,mrodgers@everyma1l.org,monster,879,2900
Rochelle,McConnell,1980-11-09,9507109819,RochelleinMcConnell3,ballpeople@yah00.net,demanded,880,3000
Brent,Owen,1973-07-22,0236238219,BrentonOwen7,skim@somema1l.co.uk,library,991,2600
Walter,Calderon,1961-03-09,4153290052,WalteronCalderon28,aabbott@ma1lbox.us,secretly,881,3600
Jane,Randolph,1976-07-27,4030864984,JaneIRandolph7,pfrank@b1zmail.com,assert,882,2700
Lewis,McCormick,1970-03-21,3890943748,LewisinMcCormick0,firenumbers@ma1lbox.us,rabbit,883,2000
Joey,McKinney,1984-12-16,6655749236,JoeyisMcKinney5,wicketcrash@ma1l2u.net,interest,884,2500
Albert,Shepherd,1959-10-24,4648438629,AlbertIShepherd27,whathot@ma1lbox.org,computer,885,2900
Jill,Fowler,1957-10-23,6397508893,JillnoFowler70,goodon@everyma1l.org,computer,886,3000
Nathan,Hines,1974-02-06,6182735337,NathantoHines2,oflist@everyma1l.com,sacrifice,887,2900
Jeff,Rowe,1977-11-18,6877046077,JeffasRowe84,onred@ma1lbox.us,suspense,888,2400
Barbara,Valencia,1981-03-22,7837861828,BarbaraIValencia5,bkemp@yah00.org,secretly,889,3200
Stacey,Whitney,1977-09-11,6836443054,StaceyIWhitney0,vmccoy@gma1l.com,generated,890,3500
Candy,White,1955-12-01,8095186450,CandydoWhite3,nmays@ma1l2u.biz,island,891,2800
Alyssa,Stewart,1965-01-10,6801426673,AlyssaIStewart16,jrush@yah00.us,trying,892,2900
Charles,Mays,1971-11-11,7628180913,CharlesaMays96,dolsen4@somema1l.net,captain,893,2800
Jackie,Wilkins,1966-06-13,2708657672,JackieaWilkins2,cmurray44@gma1l.us,something,894,2600
Carla,Harmon,1967-04-14,1048602140,CarlasoHarmon66,rwebster@everyma1l.net,computer,895,3100
Dan,Hester,1959-10-05,5620627075,DanofHester58,wordsa@yah00.org,should,896,3600
Jade,Joyce,1970-08-19,3573528503,JadeaJoyce0,gberry@ma1l2u.us,computer,897,2800
Angel,Hood,1958-09-14,0945461919,AngelofHood77,wrongfind@hotma1l.org,library,898,3500
Hunter,Hodge,1984-04-30,1134041430,HunterIHodge1,webcode5@ma1l2u.co.uk,island,899,2700
Judy,Britt,1979-09-13,9451792808,JudyinBritt73,sitscold@somema1l.org,captain,900,3200
Jeremiah,Hatfield,1963-07-24,5915648744,JeremiahisHatfield76,noi@b1zmail.net,assert,901,2700
Max,Paul,1968-11-20,9075653457,MaxinPaul34,wherered@b1zmail.net,secretly,902,2200
Carol,Guerra,1962-09-02,5195512677,CarolofGuerra68,scummings@everyma1l.us,secretly,903,2900
Vivian,Washington,1963-08-10,7972972924,ViviandoWashington3,lightas@ma1lbox.net,numbers,904,2100
Katherine,Byrd,1982-06-04,7229944805,KatherineofByrd37,pfrazier@everyma1l.org,visions,905,2600
Thomas,Fuller,1960-07-23,5259168882,ThomasIFuller7,dovisions@everyma1l.co.uk,library,906,2900
Unborn,Weber,1979-05-14,7247987045,UnborntoWeber50,inthey@yah00.co.uk,library,907,2800
Brooke,Graham,1973-05-03,9245745558,BrookeinGraham75,vfaulkner@ma1l2u.co.uk,secretly,908,2100
Charlotte,Luna,1962-05-31,9176540545,CharlotteaLuna2,thesomething@yah00.us,sacrifice,909,2600
Kay,Woods,1982-08-29,6934838018,KaydoWoods69,dowhat@gma1l.org,captain,910,2500
Donnie,Wong,1975-02-24,7597176830,DonnieinWong9,mhines@everyma1l.us,library,911,3000
Troy,Cohen,1983-08-15,4321175125,TroyICohen40,fromto55@ma1lbox.com,generated,912,2200
Eric,Wiggins,1958-04-12,0688303528,EricaWiggins75,doautomatically@yah00.org,computer,913,3000
Billy,Juarez,1974-06-22,1256963446,BillyorJuarez34,webof@hotma1l.us,suspense,914,3800
Marvin,Landry,1956-10-22,0648325854,MarvinaLandry6,aboyer@somema1l.com,sidekick,915,3300
Regina,Cohen,1971-11-17,2073933498,ReginainCohen98,jjones@gma1l.co.uk,sacrifice,916,3000
Alexandra,Marks,1978-10-11,3281903882,AlexandraweMarks37,bangingwe@everyma1l.net,library,917,2700
Vincent,Luna,1972-03-20,9556443303,VincentILuna4,lostit@hotma1l.us,island,918,2700
Troy,Frye,1965-04-02,3355189287,TroytoFrye4,itas@ma1lbox.us,rabbit,919,3200
Duane,Sheppard,1980-10-25,4019414313,DuanedoSheppard9,tcannon@b1zmail.us,computer,920,2600
Barbara,Cobb,1958-04-18,1703934532,BarbaramyCobb29,iworld@hotma1l.net,visions,921,2100
Paula,Gay,1957-05-21,4638303739,PaulaorGay8,eknox@everyma1l.co.uk,secretly,922,2700
Russ,Johnson,1980-10-06,9589643343,RussIJohnson36,thogan@hotma1l.org,rabbit,923,2400
Anna,Sweet,1963-10-22,1605693050,AnnaISweet38,estokes78@yah00.co.uk,interest,924,2600
Casey,Medina,1971-08-26,4544388307,CaseydoMedina99,libraryi@ma1lbox.org,computer,925,3100
Harley,Holden,1977-10-17,3296146265,HarleyofHolden43,mellison@everyma1l.net,sacrifice,926,3400
Billie,Hubbard,1983-11-28,6195388775,BilliedoHubbard33,jtate12@somema1l.biz,visions,927,3000
Randi,Burke,1956-10-15,5687375249,RandiofBurke1,withleader@hotma1l.com,through,928,3200
Destiny,Finch,1975-03-22,0608171542,DestinyinFinch9,nrobertson31@ma1lbox.com,monster,929,3400
Sandra,Holder,1958-07-30,8020862771,SandraisHolder26,trocha@ma1l2u.biz,wicket,930,3400
Jeff,Simmons,1963-05-29,9858919921,JeffISimmons4,boonfind@b1zmail.net,sacrifice,931,3100
Mary,Buck,1968-02-23,8372071821,MarytoBuck6,ehendrix@yah00.net,something,932,2800
Debra,Ramsey,1978-07-31,6560902344,DebrainRamsey01,libraryhave@gma1l.com,secretly,933,3200
Roy,Frost,1959-07-01,5434586145,RoyaFrost8,bangingdreams@ma1lbox.us,window,934,3100
Andy,Wagner,1957-01-26,5325477474,AndytoWagner63,lotsuntil@somema1l.com,visions,935,2700
James,McFadden,1966-05-16,0614941096,JamesweMcFadden23,manbadly@somema1l.org,secretly,936,2500
Crystal,Johnston,1966-10-26,3601731216,CrystalitJohnston19,cmoody25@gma1l.co.uk,visions,937,3000
Nicole,Bridges,1971-02-26,3966155218,NicoleaBridges0,issits40@ma1lbox.com,sidekick,938,2800
Regina,Velazquez,1977-05-27,0823564742,ReginaaVelazquez65,warpdays@ma1lbox.co.uk,island,939,3300
Timmy,White,1967-06-10,9627279187,TimmyaWhite2,scote@hotma1l.biz,sacrifice,940,3600
Natasha,Schroeder,1981-09-03,0597291870,NatashaofSchroeder77,ddominguez@everyma1l.co.uk,sidekick,941,3100
Summer,Schwartz,1973-11-26,5708370742,SummerISchwartz01,listends95@ma1l2u.net,sacrifice,942,2800
Brianna,Little,1972-07-15,8935876961,BriannaweLittle0,camelight@gma1l.us,dreams,943,3500
Miranda,Ortega,1969-09-04,7522226314,MirandaasOrtega46,nhood@everyma1l.net,assert,944,2800
Vernon,Whitley,1967-11-09,5480311009,VernonorWhitley2,nfrye@somema1l.co.uk,secretly,945,2500
Erika,Roy,1955-01-05,3352169007,ErikatoRoy37,lhendrix@b1zmail.com,sacrifice,946,2600
Tia,Mullins,1979-11-01,9978536361,TiaweMullins82,rnunez@hotma1l.biz,waited,947,2900
Corey,Pace,1956-02-20,9957148873,CoreyIPace8,lotsis@somema1l.co.uk,library,948,3000
Darren,Decker,1967-09-11,5095849162,DarrentoDecker7,chamilton21@ma1lbox.us,computer,949,2400
Jordan,Shelton,1980-07-14,7909747388,JordanaShelton42,mmorris@b1zmail.com,magnetic,950,2000
Joel,Sweeney,1977-12-19,6058955909,JoelofSweeney8,eparrish@b1zmail.com,generated,951,2900
Madison,Morris,1981-10-25,5540674047,MadisonisMorris63,probablyis@yah00.co.uk,computer,952,3300
Rebecca,Beasley,1959-09-12,0065711805,RebeccaaBeasley18,kbaker@b1zmail.net,waited,953,2900
Herbert,Dunlap,1974-01-23,7919524211,HerbertdoDunlap3,snewton@hotma1l.co.uk,trying,954,3700
Eugene,Frazier,1964-04-30,0496610914,EugeneaFrazier37,priddle@ma1l2u.org,computer,955,3100
Lindsay,Buchanan,1958-02-20,7659280548,LindsayweBuchanan95,elseman@ma1lbox.co.uk,should,956,2800
Dominic,Hancock,1962-09-30,6364174464,DominicaHancock19,jmullen@gma1l.org,computer,957,2700
Alyssa,Hammond,1981-11-23,2885670367,AlyssaIHammond3,generatedis@everyma1l.org,sacrifice,958,3200
Jay,Acevedo,1980-04-02,2722086874,JayIAcevedo41,clyons26@ma1lbox.net,through,959,3700
Charlie,Stein,1965-12-12,8840288836,CharlieinStein18,mancode@yah00.us,something,960,3300
Tyrone,Owens,1980-07-16,3584963208,TyroneaOwens3,magneticout@ma1lbox.co.uk,rescue,961,3000
Ron,Short,1957-08-26,2979863710,RonofShort7,tryinglight@gma1l.org,rescue,962,3300
Stacy,Patterson,1984-03-30,4116186957,StacyisPatterson1,grose@yah00.biz,assert,963,2800
Christian,Wheeler,1981-05-06,9440246014,ChristianisWheeler7,withtrying@gma1l.biz,something,964,2900
Darren,Franco,1973-09-01,5287763153,DarrenitFranco05,suspensewill@somema1l.co.uk,numbers,965,2800
Rachel,Lloyd,1960-12-31,4561834418,RachelILloyd26,kcrane@everyma1l.net,island,966,2000
Mindy,Mayo,1962-08-17,5872105972,MindyaMayo39,headphoneslock@b1zmail.biz,trying,967,2700
Ryan,Hess,1960-11-11,4111173206,RyanweHess75,hadto20@hotma1l.com,interest,968,3300
Tommy,Yang,1971-03-26,9139543576,TommyinYang31,rmeyers@b1zmail.net,secretly,969,3200
Derrick,Fitzpatrick,1961-07-12,8509916858,DerrickaFitzpatrick8,interestwe@gma1l.net,something,970,3200
Carrie,Gregory,1978-12-02,7726909948,CarrieaGregory36,whatlist@ma1lbox.org,sacrifice,971,2900
Kim,Booker,1955-11-14,3559909645,KimofBooker53,otherson@yah00.biz,computer,972,3000
Barbara,Blair,1965-10-20,6491898363,BarbaraofBlair90,shiggins@ma1l2u.org,should,973,3400
Andy,Schultz,1983-01-24,3311565433,AndyaSchultz79,cblackwell@ma1l2u.co.uk,probably,974,3500
Ruth,Espinoza,1965-04-24,4255909985,RuthIEspinoza53,whoweb@hotma1l.biz,computer,975,3400
Gabriel,Campbell,1971-06-14,0261766069,GabrielaCampbell11,generatedwhile@ma1l2u.com,rescue,976,3700
Evelyn,Peters,1978-08-27,3985171619,EvelynaPeters2,jlangley@b1zmail.org,wicket,977,3700
Eric,Wilder,1982-08-27,3540078056,EricaWilder09,rescuegenerated@gma1l.org,library,978,2500
Ken,Lambert,1971-01-07,7449406270,KenILambert42,dguzman70@yah00.co.uk,sacrifice,979,3700
Alan,Powers,1964-03-26,9470069111,AlanisPowers72,rellis@b1zmail.net,computer,980,2100
Mandy,Wilkins,1970-02-03,5573430149,MandyofWilkins93,tfletcher@b1zmail.org,others,981,3300
Tristan,Weeks,1975-08-02,4903548307,TristantoWeeks38,assertwas@ma1l2u.net,island,982,3000
Skyler,Hewitt,1981-06-22,9822109530,SkyleraHewitt2,fgrimes@ma1l2u.us,captain,983,3300
Louis,Robles,1968-07-03,6145063003,LouisasRobles3,sgiles@ma1lbox.us,numbers,984,2700
Gloria,Riddle,1976-01-24,9647407460,GloriaaRiddle85,lwood@somema1l.com,library,985,2600
Rochelle,Alexander,1974-01-20,9425906083,RochelleonAlexander3,shouse@everyma1l.net,secretly,986,2500
Antonio,Meadows,1963-04-03,2969077977,AntonioonMeadows3,muchend@b1zmail.co.uk,sacrifice,987,3000
Rachel,Mooney,1972-12-19,4072561861,RacheltoMooney8,muchending@ma1lbox.net,something,988,2800
Holly,Cleveland,1977-08-27,3246385388,HollyofCleveland5,jhamilton@everyma1l.biz,something,989,2400
Gina,Phelps,1964-12-27,6718871366,GinatoPhelps3,icode@somema1l.us,sacrifice,990,3500
Doug,Acosta,1978-06-23,2753472715,DouginAcosta63,caveslist@hotma1l.co.uk,secretly,992,3000
Ron,Nichols,1970-01-05,8013993798,RoninNichols9,onred@somema1l.com,computer,993,2700
Lindsay,Flores,1965-11-01,3413406936,LindsayIFlores8,arodgers@b1zmail.us,visions,994,2100
Mindy,Le,1957-12-17,5068391235,MindyaLe93,khaynes@yah00.net,computer,995,2500
Margaret,Ferrell,1971-10-30,9961860955,MargaretaFerrell3,tmccormick71@everyma1l.us,visions,996,2100
Tracie,Conway,1966-08-06,0778037592,TracietoConway60,findmagnetic@ma1lbox.org,something,997,3500
Shane,Bell,1970-12-09,7977818934,ShaneIBell47,constantlyshepherd@yah00.net,secretly,998,2400
Tim,McCormick,1968-02-08,6847692146,TimaMcCormick94,eruiz@b1zmail.co.uk,sacrifice,999,2700
Mariah,Flores,1956-03-10,1174702413,MariahaFlores02,wasworld56@ma1lbox.biz,people,1000,2900
Candy,Randolph,1974-12-29,7681656059,CandydoRandolph62,rengland16@gma1l.co.uk,secretly,1001,2700
Sarah,Sanford,1955-07-17,8209341251,SarahaSanford9,illweb26@gma1l.com,something,1002,2500
Sherri,Page,1981-01-17,4221832352,SherriitPage57,eglass@hotma1l.biz,sacrifice,1003,2200
Marlene,McCarty,1955-10-31,9942461992,MarleneIMcCarty4,hadfire@somema1l.co.uk,computer,1004,3000
Tamara,Drake,1958-05-01,1237801051,TamarainDrake47,illbadly@ma1lbox.org,visions,1005,3000
Gabriel,Doyle,1962-12-04,0283917631,GabrieltoDoyle1,drussell@everyma1l.com,library,1006,2600
Nancy,Campos,1965-04-03,1010030160,NancyICampos3,toto@ma1l2u.biz,sacrifice,1007,3700
Christian,Turner,1960-11-07,3502574238,ChristianofTurner1,islist@ma1l2u.us,library,1008,3200
Shelly,Roberson,1965-04-21,5156929573,ShellyIRoberson40,tryingprobably@ma1lbox.co.uk,assert,1009,2800
Donna,Shaffer,1975-12-25,4994665913,DonnaaShaffer6,twaters@b1zmail.co.uk,rescue,1010,3100
Derrick,Crosby,1955-05-14,6671718355,DerrickaCrosby77,ofleader@somema1l.com,window,1011,2700
Thelma,O'neal,1956-06-30,4901363107,ThelmadoO'neal26,grush@somema1l.net,wicket,1012,3400
Connie,Hansen,1982-10-23,7875089245,ConnieisHansen00,wordsdied@ma1lbox.com,assert,1013,2500
Stephen,Stone,1955-06-08,6814702617,StephenitStone75,ballrabbit@ma1l2u.com,something,1014,3200
Marilyn,Owen,1984-03-23,0731862195,MarilyndoOwen6,dsloan@gma1l.us,leader,1015,2700
Jodi,Ruiz,1955-04-04,0675580620,JodiIRuiz72,uwilson72@somema1l.com,something,1016,3000
Blake,Sanchez,1974-09-21,7860330913,BlakeISanchez78,lwebb@yah00.biz,suspense,1017,3100
Tia,Monroe,1969-02-02,1081326244,TiainMonroe6,jfry@gma1l.us,visions,1018,3200
Gina,Horton,1984-06-05,8067656882,GinaitHorton7,smack@b1zmail.net,rescue,1019,2200
Travis,Hughes,1976-01-11,2269510777,TravisaHughes61,gstevens@hotma1l.net,captain,1020,3000
Brian,Morrison,1961-07-29,2204253557,BrianIMorrison6,whatending@yah00.net,visions,1021,2700
Lawrence,Lynch,1979-07-10,0493142166,LawrenceaLynch46,whatwith@somema1l.net,sacrifice,1022,2800
Sarah,Randall,1979-02-01,5286109798,SarahaRandall2,jholland@hotma1l.biz,secretly,1023,2500
Jason,Kramer,1959-08-27,0823388236,JasonaKramer52,crusso@yah00.org,sacrifice,1024,2700
Marie,Jackson,1956-05-23,8516877269,MarieaJackson96,keyssuspense@everyma1l.co.uk,island,1025,2900
Gail,Travis,1981-12-03,3616469287,GailaTravis77,hevans@ma1l2u.us,something,1026,3000
Shane,Bruce,1955-09-22,2462591282,ShaneaBruce18,hmiddleton@ma1l2u.biz,monster,1027,3000
