Lindsey,Craft,LindseyisCraft18,doelse@ma1lbox.us,wicket
Jill,Byrd,JillofByrd11,sidekickon@hotma1l.net,computer
Aaron,McCray,AaronIMcCray1,mywhat@somema1l.biz,secretly
Austin,Bradshaw,AustinaBradshaw88,vblair@yah00.us,through
Bonnie,Hurley,BonnieorHurley7,discoveredtext@yah00.biz,library
Sam,Jackson,SamasJackson4,lrobles@ma1l2u.co.uk,visions
Derrick,Hopper,DerrickitHopper5,mgross7@gma1l.biz,captain
Johnny,Cohen,JohnnyaCohen1,planeball@gma1l.us,sacrifice
Patrick,Walker,PatricktoWalker7,hlarson@gma1l.com,something
Nicholas,West,NicholasIWest50,hroth@somema1l.net,sacrifice
Willie,Heath,WillieIHeath3,jbird@everyma1l.us,interest
Greg,Hahn,GregtoHahn5,headphonestrying47@yah00.us,island
Tristan,Curry,TristanorCurry15,smokecame47@b1zmail.us,library
Barb,Collins,BarbnoCollins27,lostroom@yah00.co.uk,through
Doug,Carson,DougitCarson71,dohatch@somema1l.co.uk,window
Lee,Maxwell,LeeaMaxwell9,smurray@gma1l.biz,sacrifice
Jeffrey,Collins,JeffreyofCollins6,islandon@everyma1l.us,computer
Edward,Barron,EdwardIBarron6,rcleveland78@ma1l2u.biz,window
Charlene,Moran,CharleneweMoran45,pkemp@gma1l.co.uk,computer
Noah,Prince,NoahisPrince3,hatit's@somema1l.com,or maybe
Ann,Shaffer,AnnIShaffer49,rmelton@gma1l.co.uk,library
Tammy,Santos,TammyaSantos24,ecampbell@ma1lbox.net,secretly
Christina,Rosa,ChristinaaRosa78,amay@everyma1l.org,library
Jessie,Cortez,JessiesoCortez6,toin@b1zmail.biz,suspense
Patrick,Adkins,PatrickaAdkins6,jcervantes@everyma1l.org,assert
Lindsay,Richardson,LindsayaRichardson4,opendad@gma1l.com,sacrifice
Aaron,Mooney,AaronisMooney2,wantor maybe48@gma1l.us,library
Ronald,Holman,RonaldinHolman1,kalbert@b1zmail.com,something
Sherry,Owen,SherryisOwen2,goodrabbit61@gma1l.biz,something
Frank,Tran,FranktoTran61,enterpeople18@somema1l.com,library
Mother,Scott,MotherIScott7,whitesecretly@yah00.net,assert
Jenny,Morton,JennyIMorton49,kthomas@everyma1l.biz,visions
Sher,Cooke,SheraCooke3,or maybei@hotma1l.biz,visions
Ruth,Barron,RuthtoBarron98,handledlock@gma1l.biz,assert
Mandy,Barber,MandyaBarber8,throughabout@hotma1l.org,something
Leroy,Warren,LeroysoWarren30,kcash69@b1zmail.org,ending
Marion,Atkins,MarioninAtkins0,do'neil@somema1l.co.uk,sacrifice
Donna,Fields,DonnaisFields25,goodgood@everyma1l.net,something
Angel,Martinez,AngelinMartinez1,secretlycrash@ma1l2u.us,something
Heath,Vargas,HeathaVargas97,toconnor@hotma1l.org,library
Sher,Rocha,SherIRocha70,therabbit@ma1lbox.org,sacrifice
Sheila,Torres,SheilatoTorres0,ejuarez@ma1lbox.biz,computer
Brandon,Haley,BrandonitHaley0,tvasquez@ma1lbox.co.uk,interest
Taylor,Conner,TaylorasConner1,dhorn@hotma1l.com,computer
Alexandra,Wilson,AlexandraaWilson11,inis23@ma1l2u.org,sacrifice
Brooke,Klein,BrookeitKlein2,sacrificeout56@somema1l.biz,sacrifice
Joyce,Ratliff,JoycedoRatliff0,peoplewhat@gma1l.co.uk,should
Sheila,Sosa,SheilaaSosa0,lcrane@yah00.co.uk,rabbit
Ed,Salinas,EdISalinas9,keyssomething54@gma1l.org,computer
Carmen,Lancaster,CarmenisLancaster6,firehad@gma1l.us,computer
Lori,Crawford,LoriICrawford4,itin@ma1lbox.co.uk,visions
Sherry,Poole,SherryIPoole04,jbender@ma1lbox.biz,visions
Cory,Noel,CoryINoel57,demandedshepherd@somema1l.net,should
Anna,Heath,AnnaweHeath0,ksloan@gma1l.us,secretly
Paul,Goff,PaulIGoff67,speedin@somema1l.net,secretly
Randy,Yates,RandyaYates32,pwheeler@ma1l2u.org,something
Dominic,Owen,DominicaOwen24,tcarlson@ma1lbox.us,should
Ellen,Griffin,EllennoGriffin6,cmccormick@hotma1l.org,sacrifice
Darrell,Fuentes,DarrelltoFuentes80,lotsred@hotma1l.org,sacrifice
Walter,Bender,WalterorBender47,awade@somema1l.org,monster
Tasha,Galloway,TashaIGalloway7,jwalls@everyma1l.net,rabbit
Deanna,Howell,DeannaaHowell8,jholloway68@somema1l.com,library
Stacy,Herrera,StacyIHerrera85,mmiranda@everyma1l.co.uk,trying
Mother,Chaney,MotherinChaney8,ssimmons@gma1l.org,sacrifice
Diane,Castaneda,DianeinCastaneda72,noin@yah00.org,library
Phyllis,Hansen,PhyllisasHansen0,hsnyder@everyma1l.co.uk,sacrifice
Billie,Tate,BilliedoTate8,warpuntil@ma1lbox.net,computer
Thelma,Mercado,ThelmaIMercado62,bbonner@hotma1l.net,something
Hope,Leblanc,HopeofLeblanc88,areheadphones@ma1l2u.com,sacrifice
Susan,Sweet,SusanISweet5,mharrington@everyma1l.us,computer
Darla,Crawford,DarlaaCrawford7,sidekickwill@somema1l.net,computer
Gregory,King,GregoryasKing55,numberswhile@hotma1l.biz,sacrifice
Paige,Cooper,PaigeitCooper71,esampson@everyma1l.us,visions
Madison,Dodson,MadisontoDodson8,toman45@everyma1l.biz,sacrifice
Paige,Hays,PaigeaHays4,islandmuch@b1zmail.net,computer
Dave,Rogers,DavetoRogers7,withalways@gma1l.com,sacrifice
Rachel,Johnston,RachelIJohnston79,dreamspull@hotma1l.org,sacrifice
Hunter,McCarthy,HunterisMcCarthy8,mlopez@gma1l.biz,something
Chase,Winters,ChaseisWinters6,jpickett@gma1l.com,sacrifice
Veronica,Robbins,VeronicaaRobbins0,dsanford@gma1l.co.uk,library
Victor,McGuire,VictordoMcGuire68,vrosa@gma1l.org,computer
Dawn,Ray,DawnonRay3,jserrano@everyma1l.net,island
Vernon,Quinn,VernonnoQuinn21,handledin@yah00.net,sacrifice
Sabrina,Huber,SabrinasoHuber49,endsabout@ma1lbox.co.uk,computer
Dusty,Gentry,DustydoGentry06,rabbitof@ma1l2u.us,should
Cathy,Parks,CathyaParks2,esampson@b1zmail.co.uk,monster
Peggy,Newman,PeggyitNewman11,cavesto@yah00.org,dreams
Jenny,Hall,JennyonHall41,aguerrero@ma1lbox.us,wicket
Matt,Glover,MattinGlover9,deverett@everyma1l.org,demanded
Anita,Gaines,AnitaofGaines08,sashley@b1zmail.com,something
Sandra,Manning,SandraaManning4,rdale@yah00.biz,assert
Chasity,Russo,ChasityaRusso87,lightwrong@ma1lbox.org,computer
Melanie,Rose,MelanieIRose45,theygenerated@somema1l.us,computer
Roberta,Sears,RobertaISears8,badlyin70@hotma1l.org,sidekick
Kathy,Cummings,KathyitCummings66,itheadphones@somema1l.us,secretly
Austin,Swanson,AustindoSwanson46,thunter@ma1lbox.biz,something
Alice,Humphrey,AliceIHumphrey5,efitzpatrick@ma1lbox.biz,captain
Charlotte,Rocha,CharlotteaRocha55,hchurch@somema1l.net,library
Brent,McNeil,BrentitMcNeil6,smcguire@yah00.co.uk,sacrifice
John,Sosa,JohninSosa74,sholloway@ma1lbox.co.uk,should
Glen,Leblanc,GlentoLeblanc43,msparks@ma1lbox.org,computer
Alan,Rollins,AlanIRollins41,peoplenumbers28@gma1l.co.uk,something
Ray,Davis,RayinDavis54,leaderof@b1zmail.com,should
Leslie,Blanchard,LeslieaBlanchard9,whilebuild@everyma1l.com,library
Misty,Hardy,MistyaHardy7,throughdiscovered@ma1lbox.biz,sacrifice
Danny,Dorsey,DannyIDorsey34,blogan@everyma1l.com,wicket
Erin,Wolf,ErindoWolf5,ittook81@somema1l.net,sacrifice
Hunter,Harper,HunteraHarper41,sitsthrow63@ma1lbox.co.uk,captain
Helen,Bennett,HelendoBennett3,islandopen@yah00.com,sacrifice
Corey,Vazquez,CoreyIVazquez58,brollins@ma1l2u.biz,visions
Christy,Levy,ChristyILevy65,badlyred@ma1l2u.net,library
Debra,Thornton,DebraaThornton57,endsor maybe@ma1lbox.com,captain
Kim,Guerra,KimIGuerra1,gcarey97@somema1l.biz,sacrifice
Evelyn,Jennings,EvelynIJennings7,bmckenzie89@everyma1l.co.uk,visions
Brooklyn,Hunter,BrooklynIHunter0,bcraig@hotma1l.biz,library
Kristin,Patton,KristinaPatton7,lryan@ma1l2u.co.uk,sacrifice
Christopher,Morgan,ChristopheraMorgan7,gaguirre@somema1l.biz,library
Olivia,Conway,OliviatoConway08,kduran22@ma1l2u.net,sacrifice
Molly,Decker,MollyaDecker84,arediscovered7@everyma1l.org,wicket
Keith,Keller,KeithaKeller8,windowdo@hotma1l.net,numbers
Betty,Gamble,BettyaGamble45,itinterest@somema1l.com,library
April,Lancaster,AprilaLancaster66,bangingwill@ma1l2u.net,something
Phillip,Carroll,PhillipICarroll5,handledend@ma1l2u.net,library
James,Rocha,JamesinRocha1,wornspeed@gma1l.org,something
Dean,Hale,DeanaHale3,bstanton@hotma1l.us,wicket
Pam,Bernard,PamofBernard3,itworn@yah00.net,generated
Samantha,Deleon,SamanthaisDeleon98,lbradshaw20@ma1lbox.com,library
Chad,Albert,ChaditAlbert7,orwas@somema1l.us,something
Anita,Silva,AnitaISilva2,jcampbell@ma1lbox.co.uk,island
Jake,Rios,JakeIRios19,cboyer@b1zmail.us,suspense
Mary,Ryan,MaryIRyan35,malexander@ma1lbox.org,sacrifice
Andrea,McDaniel,AndreaaMcDaniel4,rglover50@hotma1l.net,visions
Nicole,Gay,NicoleofGay54,mhall@ma1l2u.biz,secretly
Annette,Osborn,AnnettedoOsborn0,headphonesof59@ma1l2u.us,computer
Bonnie,Lloyd,BonnieaLloyd1,dadvisions@ma1l2u.us,sacrifice
Jessie,Manning,JessietoManning6,lbarrett@everyma1l.us,sacrifice
Dean,Vincent,DeantoVincent50,cavery34@gma1l.us,secretly
Sher,Owen,SheraOwen1,lholden@ma1l2u.org,people
Trisha,Sweeney,TrishaweSweeney24,nrandolph@gma1l.co.uk,should
Sabrina,Hammond,SabrinaIHammond7,sofaending@ma1lbox.net,library
Samuel,Shaw,SamueltoShaw9,itends39@b1zmail.org,something
Bradley,Harrison,BradleyinHarrison3,gwhitehead@somema1l.biz,rabbit
Randi,Mann,RandiorMann17,rescueghost@ma1l2u.com,something
Cindy,Dawson,CindysoDawson2,lclarke@b1zmail.us,something
Herbert,Ratliff,HerbertIRatliff31,assertit60@ma1lbox.biz,library
Gloria,Jarvis,GloriaIJarvis07,rcraig@hotma1l.co.uk,sacrifice
Janet,Monroe,JanetIMonroe31,welock@hotma1l.org,generated
Loretta,Solomon,LorettaisSolomon41,wordsto@somema1l.us,numbers
Marcus,Bowman,MarcusaBowman6,lkane@ma1l2u.co.uk,library
Gerald,McFarland,GeraldaMcFarland04,demandedto@gma1l.com,secretly
Jackie,Fernandez,JackieaFernandez61,ondied@gma1l.org,trying
Jeffrey,Obrien,JeffreyaObrien1,goodhandled89@ma1lbox.net,library
Drew,Odonnell,DrewtoOdonnell6,tsosa@gma1l.co.uk,secretly
Kayla,Shields,KaylainShields51,tharrison@hotma1l.net,computer
Holly,McKinney,HollydoMcKinney3,ghanson@everyma1l.biz,assert
Dave,Raymond,DaveonRaymond1,lhudson@ma1l2u.biz,dreams
Kim,Clark,KimitClark34,textmonster@b1zmail.com,wicket
William,Rush,WilliamaRush1,ghostmuch@yah00.org,sacrifice
Randy,Ware,RandysoWare06,diedlight@hotma1l.net,something
Shawna,Hernandez,ShawnaaHernandez09,ljones@hotma1l.biz,island
Tina,Shelton,TinainShelton6,webthe@gma1l.us,should
Myron,Gill,MyronitGill38,alwaysplane@ma1lbox.biz,library
Thelma,Nielsen,ThelmaINielsen20,sitsrabbit@ma1lbox.com,secretly
Summer,Chavez,SummeraChavez2,bfrazier@ma1l2u.co.uk,something
Bruce,Singleton,BruceitSingleton09,torabbit@everyma1l.org,library
Juanita,Garrison,JuanitaisGarrison8,bbridges@yah00.biz,sacrifice
Stephen,Curry,StephenorCurry56,kburt@yah00.us,sacrifice
Kris,McBride,KrisonMcBride85,asill@everyma1l.net,suspense
Whitney,Adams,WhitneyinAdams4,hadare@b1zmail.us,sidekick
Ricky,Randolph,RickyIRandolph2,constantlyit@ma1lbox.com,sidekick
Shanna,Smith,ShannaISmith7,tzamora@b1zmail.net,window
James,Hayes,JamesisHayes70,mansofa@yah00.net,something
Fred,Duran,FredIDuran0,ccantrell@everyma1l.net,generated
Alexis,Barnett,AlexisIBarnett9,mpeters@hotma1l.biz,generated
Jimmy,Clarke,JimmyaClarke7,planeit@yah00.net,captain
Cassandra,Hurst,CassandraaHurst09,camepique14@b1zmail.com,library
Craig,Flowers,CraigtoFlowers9,toso@ma1l2u.biz,ending
Tom,Murphy,TomIMurphy28,ofdo@gma1l.biz,library
Alice,Weaver,AliceisWeaver9,domy36@somema1l.org,sacrifice
Isaac,Rutledge,IsaacaRutledge4,ebarlow@hotma1l.org,library
Troy,Kennedy,TroyIKennedy5,acampos@ma1l2u.net,dreams
Phillip,Dean,PhillipaDean0,bbowen@somema1l.co.uk,library
Julia,Tillman,JuliatoTillman3,buildon9@yah00.biz,generated
Tony,Sullivan,TonyaSullivan4,cmcfadden@b1zmail.us,assert
Martin,Espinoza,MartinIEspinoza7,whiteto36@hotma1l.com,interest
Bethany,Dorsey,BethanyweDorsey9,discoveredwith84@everyma1l.biz,computer
Dorothy,Nieves,DorothyitNieves2,visionsinterest@yah00.net,library
Megan,Lopez,MeganILopez59,criley36@yah00.us,probably
Glen,Gay,GlentoGay70,elsewhat@somema1l.com,numbers
Tim,Larson,TimtoLarson34,wanton@everyma1l.net,secretly
Debbie,Salinas,DebbieaSalinas0,shuff@b1zmail.org,computer
Alicia,Wiley,AliciainWiley31,keysplane@hotma1l.biz,assert
Christine,Cunningham,ChristineICunningham3,nelliott@b1zmail.com,computer
Rocky,Osborne,RockyweOsborne34,it'sabout@ma1lbox.com,sidekick
Elaine,Higgins,ElaineaHiggins0,jgilmore@ma1lbox.us,dreams
Sandy,Carter,SandyICarter12,keysas@hotma1l.net,something
Audrey,Turner,AudreydoTurner7,ajenkins@somema1l.us,visions
Sandy,Wall,SandyaWall55,kweber@gma1l.biz,something
Katrina,Morin,KatrinaaMorin71,nofound@yah00.org,through
Jared,Prince,JaredIPrince5,jknapp54@gma1l.net,through
Christy,Frye,ChristyinFrye84,jhorn@ma1l2u.com,secretly
Samuel,Garrison,SamuelIGarrison7,esalas@everyma1l.co.uk,sacrifice
Judy,Mendoza,JudyweMendoza67,leadervisions38@yah00.com,visions
Drew,Santos,DrewonSantos5,jreyes78@everyma1l.com,assert
Donnie,Casey,DonnieofCasey2,itlight@ma1l2u.us,suspense
Jackie,Koch,JackieaKoch3,cmyers16@ma1lbox.net,visions
Stanley,Mendez,StanleyweMendez44,whatgenerated5@everyma1l.co.uk,computer
Monica,Hatfield,MonicaIHatfield54,cluna@ma1lbox.org,waited
Carolyn,Simmons,CarolynaSimmons54,sfarmer@ma1lbox.com,sacrifice
Kayla,Cobb,KaylatoCobb98,areto@hotma1l.net,something
Whitney,Bartlett,WhitneyIBartlett71,suspensedied@hotma1l.com,island
Crystal,Lowe,CrystalonLowe73,outisland@hotma1l.biz,something
Joyce,Lloyd,JoyceweLloyd33,smokeit@yah00.net,numbers
Darlene,Bender,DarleneIBender44,ksykes@b1zmail.com,interest
Herbert,McLaughlin,HerberttoMcLaughlin0,jwall@yah00.biz,something
Billy,Whitley,BillyIWhitley07,constantlyfire@gma1l.net,computer
Roger,Gray,RogeraGray43,cbridges@somema1l.biz,visions
Jordan,Douglas,JordanofDouglas0,shepherdhave85@hotma1l.biz,window
Gary,Cortez,GaryaCortez0,mboyer@hotma1l.biz,computer
Tammy,Barrera,TammyonBarrera62,hnorton@gma1l.co.uk,captain
Russ,Wheeler,RussIWheeler0,diedare48@b1zmail.com,sacrifice
Seth,Leach,SethILeach8,magneticlibrary@hotma1l.net,sacrifice
Julia,Fields,JuliaIFields05,muchwhen@somema1l.co.uk,should
Ed,Duncan,EdIDuncan39,smoketrees84@ma1lbox.org,interest
Susan,Lowe,SusanorLowe8,hsalas@everyma1l.com,interest
Charles,Chang,CharlesdoChang17,chartman@gma1l.org,island
Jamie,Donovan,JamieIDonovan7,lfernandez18@b1zmail.org,computer
Hope,David,HopeonDavid8,roomlost@ma1l2u.org,probably
Herbert,Ryan,HerbertIRyan2,onto@gma1l.net,library
Jeremiah,Zamora,JeremiahnoZamora91,ggarrison93@hotma1l.net,through
Janet,McLeod,JanetisMcLeod9,areor@everyma1l.net,handled
Cynthia,Duncan,CynthiaofDuncan95,pcohen@b1zmail.net,window
Evelyn,Kramer,EvelynIKramer40,wordsmany@everyma1l.co.uk,sacrifice
Brandon,Munoz,BrandonIMunoz5,hatcame@somema1l.biz,sidekick
Denise,Robbins,DenisemyRobbins2,illthrough46@somema1l.com,something
Sean,Nichols,SeanINichols05,gfrye@gma1l.net,sacrifice
Mark,McPherson,MarkweMcPherson76,tellis@b1zmail.biz,captain
Chase,Strong,ChaseweStrong56,planesidekick@yah00.org,ending
Stacey,Summers,StaceyitSummers29,mferrell@ma1l2u.us,dreams
Zachary,Daniels,ZacharyweDaniels60,tookend@hotma1l.us,visions
Rodney,Bradshaw,RodneytoBradshaw1,wantwhat@gma1l.org,library
Rochelle,Anderson,RochelletoAnderson5,dallen71@everyma1l.us,assert
Dean,Nicholson,DeanINicholson8,gmurray@somema1l.biz,assert
Ed,Stewart,EdIStewart0,kkeller@gma1l.biz,assert
Steve,Flynn,SteveaFlynn28,jmorales85@everyma1l.biz,computer
Everett,Hanson,EverettIHanson26,tryingsits@gma1l.us,assert
Martha,Morton,MarthaaMorton3,iphillips@somema1l.biz,rabbit
Jasmine,Wilkerson,JasminesoWilkerson5,togood@hotma1l.org,computer
Matt,Reilly,MattdoReilly3,dchang23@ma1l2u.net,through
Cynthia,Stevenson,CynthiaaStevenson5,willtelevision31@yah00.us,computer
Paul,Burns,PaulsoBurns8,whatdad@ma1l2u.net,library
Brent,Short,BrentisShort9,stodd@ma1l2u.biz,visions
Emily,Church,EmilytoChurch41,aturner@ma1l2u.co.uk,monster
Dixie,Faulkner,DixieIFaulkner65,banginghold@hotma1l.com,demanded
Shanna,Pitts,ShannaIPitts5,jpope26@gma1l.com,numbers
Roy,Holt,RoyIHolt72,mmayo15@ma1l2u.co.uk,assert
Eric,Madden,EricweMadden32,lbowman@hotma1l.biz,computer
James,Mayer,JamesisMayer80,pullsecretly@yah00.us,monster
Timmy,Hardy,TimmyIHardy90,gcantrell@somema1l.biz,sacrifice
Barbara,Barnett,BarbaraIBarnett58,alwaysconstantly@ma1l2u.org,computer
Jan,Foley,JaninFoley95,rzimmerman@ma1lbox.biz,sacrifice
Vivian,Blake,VivianIBlake3,dkennedy@somema1l.us,island
Hannah,Carney,HannahaCarney83,bfitzpatrick82@yah00.com,sacrifice
Molly,Sweet,MollyofSweet64,cflores@b1zmail.org,assert
Hope,Powers,HopeaPowers47,mpreston@hotma1l.biz,sacrifice
Bob,Owen,BobdoOwen62,gfields@yah00.net,magnetic
Angel,Solomon,AngeltoSolomon0,willhid@hotma1l.biz,generated
Beverly,Boyer,BeverlyinBoyer6,throughto@yah00.biz,sacrifice
Dixie,Hendrix,DixieitHendrix6,alynch@yah00.us,people
Deborah,Flynn,DeborahofFlynn3,jhorne@somema1l.org,sacrifice
Albert,Bond,AlbertaBond5,writethis@gma1l.org,magnetic
Kristina,English,KristinaofEnglish7,rabbitdo71@ma1l2u.co.uk,library
Leah,Rosa,LeahaRosa7,lostno@somema1l.co.uk,visions
Debbie,Ratliff,DebbieaRatliff5,monstersecretly@ma1l2u.net,library
Theresa,Bell,TheresaorBell64,computeror55@everyma1l.co.uk,sacrifice
Fred,Ortega,FredIOrtega88,chyde10@yah00.co.uk,ending
Debbie,Schwartz,DebbietoSchwartz4,bcleveland@everyma1l.co.uk,computer
Eric,Holder,EricaHolder4,dfrancis@somema1l.biz,sacrifice
Michael,Lancaster,MichaelILancaster9,tmitchell@gma1l.net,sacrifice
Tasha,House,TashaIHouse0,daysis@ma1lbox.biz,something
Deanna,Huff,DeannaofHuff3,jkelley12@somema1l.com,library
Alexis,Greer,AlexisIGreer9,aharvey@hotma1l.co.uk,secretly
Ethan,Velez,EthanIVelez4,dadthe@b1zmail.co.uk,library
Carol,Franklin,CarolofFranklin09,tharris@somema1l.biz,should
Rhonda,Dudley,RhondaIDudley44,charding@ma1lbox.net,secretly
Katherine,Ball,KatherineinBall86,toto46@yah00.us,library
Loretta,Castillo,LorettaaCastillo65,dlarson@ma1l2u.net,sacrifice
Denise,Wong,DeniseorWong6,leaderkeys@everyma1l.net,library
Sara,Beach,SaraaBeach33,hidlots@hotma1l.net,computer
Jimmy,William,JimmysoWilliam31,revans@b1zmail.co.uk,should
Joey,McClure,JoeymyMcClure34,aboutwill@hotma1l.org,something
Albert,Barnett,AlbertaBarnett73,endisland@somema1l.biz,something
Theresa,Harrington,TheresaorHarrington5,withto@everyma1l.com,generated
John,Bradford,JohnIBradford3,endingthrough@ma1lbox.net,sacrifice
Leslie,Meyers,LeslieaMeyers9,gpage@yah00.org,magnetic
Alice,Chandler,AliceweChandler2,dpope@everyma1l.co.uk,assert
Lindsey,Clements,LindseysoClements9,indiscovered@everyma1l.com,secretly
Mindy,Swanson,MindytoSwanson20,enterit43@gma1l.com,always
Katherine,Winters,KatherineofWinters56,dhensley@somema1l.com,library
Wyatt,West,WyattweWest5,askedit96@everyma1l.org,wicket
Levi,Morris,LeviaMorris3,ghull@everyma1l.biz,computer
Hope,Douglas,HopeweDouglas24,apeck54@yah00.com,secretly
Sharon,Pruitt,SharonitPruitt5,onor maybe@yah00.us,should
Kayla,Barnett,KaylaitBarnett9,endhot@hotma1l.com,library
Colton,Moss,ColtonisMoss90,theypique@somema1l.us,secretly
Debra,Lancaster,DebraILancaster72,somethingthe@ma1lbox.net,assert
Jeremy,Acosta,JeremyonAcosta95,smoss@hotma1l.biz,something
Christina,Benton,ChristinaaBenton15,kgraham17@yah00.us,something
Tasha,Callahan,TashatoCallahan61,mgraves@ma1lbox.biz,something
Eugene,Willis,EugeneinWillis7,webassert@ma1l2u.us,assert
Noah,Roy,NoahonRoy0,khancock@gma1l.biz,sacrifice
Chasity,Burke,ChasityinBurke52,asloan@gma1l.org,computer
Mickey,Cooke,MickeyICooke7,computerto@everyma1l.us,visions
Chase,McGowan,ChaseofMcGowan23,lvelazquez@gma1l.org,sacrifice
Courtney,Kim,CourtneyinKim1,vmueller@b1zmail.us,library
Herbert,Alston,HerberttoAlston1,esellers@b1zmail.us,captain
Julie,Emerson,JulieitEmerson87,crashworn@everyma1l.org,library
Dana,Baker,DanaaBaker45,tryinglist16@ma1l2u.biz,visions
Danny,Johnson,DannyIJohnson61,lmcfadden@b1zmail.org,ending
Shirley,Bentley,ShirleysoBentley70,willcomputer1@ma1l2u.com,computer
Sierra,Hendrix,SierradoHendrix4,djefferson@ma1lbox.net,library
Derek,Hart,DerekitHart0,waitedit's@everyma1l.us,library
Charlene,Logan,CharleneILogan83,mpark@b1zmail.us,computer
William,Singleton,WilliamISingleton19,muchhandled@ma1lbox.com,secretly
Kendra,Daniel,KendraIDaniel05,vlogan@everyma1l.net,rabbit
Sam,Fox,SamIFox73,csilva@hotma1l.org,monster
Kristen,Clarke,KristenisClarke0,throughkeys@ma1lbox.us,sacrifice
James,Mathis,JamesIMathis1,ssalinas@gma1l.biz,sacrifice
Monica,Raymond,MonicaasRaymond49,bcaldwell@gma1l.us,assert
Emily,Parker,EmilysoParker5,computerautomatically@gma1l.biz,visions
Trent,Nixon,TrentINixon13,rpeck@hotma1l.us,something
Kathy,Sweet,KathyisSweet0,fporter46@yah00.us,always
Bobbie,McBride,BobbieIMcBride73,orose@ma1lbox.biz,banging
Earl,Leon,EarlILeon80,ffuller@ma1lbox.net,sidekick
Lindsay,Morris,LindsaydoMorris3,spennington@b1zmail.co.uk,library
Marie,Higgins,MarieaHiggins4,throwwhat@gma1l.com,something
Audrey,Hendrix,AudreyaHendrix3,whileweb@hotma1l.org,computer
Theresa,Gilmore,TheresanoGilmore9,peoplesits@somema1l.com,generated
Jon,Meyer,JontoMeyer1,welist82@somema1l.co.uk,assert
Maria,Lopez,MariaaLopez86,listout@everyma1l.us,rabbit
Martin,Justice,MartinaJustice00,ihave@everyma1l.com,always
Carrie,Osborne,CarrieitOsborne6,ebell@somema1l.org,sacrifice
Brandy,Schwartz,BrandyaSchwartz82,rjoseph@gma1l.net,sacrifice
Paula,Chang,PaulanoChang2,crutledge29@yah00.com,wicket
Carol,Anderson,CaroltoAnderson88,gcurry@b1zmail.com,assert
Francis,Warren,FrancisaWarren9,mterrell@yah00.biz,sacrifice
Tracey,Wells,TraceyaWells41,offound@ma1l2u.co.uk,secretly
Tracie,Salas,TracieitSalas6,bgibson20@ma1l2u.us,computer
Dustin,Potter,DustinaPotter06,ktrujillo@everyma1l.org,sidekick
Christine,Kirby,ChristineisKirby42,illwhat@gma1l.us,window
Joel,Lyons,JoeltoLyons82,caveshad@b1zmail.biz,captain
Kaitlyn,Logan,KaitlynILogan1,shepherdrescue@everyma1l.com,rescue
David,Mack,DavidaMack4,crashshould@b1zmail.com,library
Marion,Moody,MarionisMoody66,bspears@ma1l2u.biz,computer
April,Burton,AprilIBurton3,mscott18@everyma1l.org,sacrifice
Marvin,Henson,MarvinisHenson94,rkelley93@ma1l2u.biz,secretly
Charles,Sloan,CharlesitSloan5,isshow@gma1l.biz,captain
Roxanne,Becker,RoxanneinBecker61,kdotson@b1zmail.net,ending
Patrick,Terrell,PatrickITerrell03,rkramer@ma1lbox.biz,library
Amy,Rosario,AmyofRosario89,cschwartz83@ma1lbox.biz,library
Paula,Fowler,PaulaweFowler95,sopeople@ma1l2u.biz,sacrifice
Mark,Humphrey,MarkIHumphrey64,rdaniels@hotma1l.net,library
Veronica,French,VeronicaIFrench66,treesfrom@ma1l2u.com,library
Becky,Barry,BeckyasBarry1,areese@b1zmail.net,something
Dale,Green,DalesoGreen7,lostdied@b1zmail.net,library
Beth,Ray,BethweRay76,onhave@yah00.net,ending
Chris,Paul,ChristoPaul2,ewillis@gma1l.co.uk,trying
Austin,Wagner,AustinisWagner38,mmcneil@hotma1l.org,assert
Brenda,Burgess,BrendaisBurgess0,cforbes@b1zmail.biz,sacrifice
Ian,Reid,IanisReid1,kmcfadden@ma1l2u.net,assert
Bill,Byers,BilldoByers0,pchurch24@ma1l2u.net,something
Breanna,Kinney,BreannaweKinney21,ovazquez@everyma1l.com,library
Jill,Warner,JilltoWarner14,fireno@gma1l.co.uk,something
Christine,Figueroa,ChristineaFigueroa7,planetext@hotma1l.co.uk,probably
Lloyd,Best,LloydIBest8,foundisland@ma1l2u.us,sacrifice
Brandi,Shannon,BrandiaShannon7,tdonovan46@hotma1l.net,generated
Tashia,Austin,TashiaisAustin5,toin@gma1l.net,library
Rick,Maxwell,RicktoMaxwell3,alwayswarp@somema1l.com,assert
Marcus,Stephenson,MarcusisStephenson7,whatas@everyma1l.biz,captain
Rusty,Butler,RustyofButler33,sitspull@ma1lbox.org,waited
Hunter,Fulton,HunterIFulton67,tboyer72@ma1l2u.net,computer
Pam,Carrillo,PammyCarrillo89,manyassert@yah00.co.uk,library
Vivian,Gardner,VivianIGardner5,havepull@hotma1l.us,library
Monica,Goodwin,MonicaofGoodwin3,rwhitfield@hotma1l.com,assert
Virginia,Jimenez,VirginiaweJimenez78,lmiller@somema1l.co.uk,visions
Carla,Joyce,CarlaaJoyce31,sgregory63@gma1l.us,wicket
Veronica,Velazquez,VeronicaorVelazquez0,writefire@everyma1l.biz,secretly
Susan,Whitley,SusanaWhitley2,pfernandez@gma1l.co.uk,captain
Sue,Riddle,SueIRiddle34,jbarton@ma1lbox.co.uk,computer
Scott,Bishop,ScottitBishop88,sofadreams@ma1l2u.biz,window
Haley,Donovan,HaleyinDonovan71,islanddad@b1zmail.net,captain
Doug,Woodard,DouginWoodard96,gchurch@ma1lbox.net,secretly
Christoph,Doyle,ChristophIDoyle34,rharrison@ma1lbox.co.uk,captain
Hope,Juarez,HopeonJuarez3,tookhandled@b1zmail.biz,sacrifice
Carrie,Harding,CarrieonHarding31,rcasey@everyma1l.biz,something
Brooke,Gaines,BrookeisGaines57,tothe@gma1l.net,something
Tamara,Hale,TamaraitHale74,echavez@b1zmail.us,sacrifice
Diana,English,DianaofEnglish45,myhave@hotma1l.biz,shepherd
Dylan,Sherman,DylanISherman9,cterry24@gma1l.org,captain
Chasity,Conley,ChasitydoConley2,mbentley@b1zmail.co.uk,interest
Tommy,Park,TommyaPark2,nlowery@ma1l2u.co.uk,rabbit
Stacy,McDowell,StacyaMcDowell88,jrocha@hotma1l.co.uk,secretly
Brian,Brock,BrianonBrock25,elserabbit@hotma1l.org,something
Kevin,Hooper,KevinitHooper97,mwilliams@everyma1l.co.uk,something
Diane,Murray,DianeaMurray95,thartman@somema1l.co.uk,visions
Marie,King,MarieaKing7,jroach@somema1l.com,secretly
Jeff,Goodman,JeffIGoodman05,piqueit@somema1l.biz,assert
Michelle,Anderson,MichelleaAnderson3,aharvey6@gma1l.us,secretly
Kaitlyn,Dominguez,KaitlyntoDominguez1,badlyworn22@gma1l.com,library
Jade,Martinez,JadetoMartinez44,ballin@b1zmail.biz,sacrifice
Tracie,Horton,TracieinHorton98,sfrench@somema1l.net,visions
Carmen,Johnston,CarmenIJohnston4,sofacame@b1zmail.com,interest
Dusty,Lindsey,DustyweLindsey1,shouldmany22@hotma1l.com,generated
Brenda,Ortega,BrendaasOrtega9,vday49@somema1l.biz,rescue
Myron,Aguirre,MyronaAguirre41,constantlyto@ma1lbox.net,library
Trevor,McMillan,TrevororMcMillan15,tocaves@ma1l2u.biz,visions
Bethany,Frederick,BethanytoFrederick57,libraryout@ma1lbox.org,secretly
Jordan,Meyers,JordanIMeyers6,hidghost@everyma1l.biz,visions
Chastity,Stephens,ChastityweStephens5,willisland@everyma1l.org,always
Wanda,Frye,WandaweFrye19,bmunoz@somema1l.com,something
Dave,Gallegos,DaveinGallegos56,jmcmahon@ma1l2u.com,monster
Tina,McKinney,TinaorMcKinney7,sillpeople@ma1l2u.com,sacrifice
Heath,Nielsen,HeathaNielsen69,bangingthis29@everyma1l.us,should
Grace,Craig,GraceICraig71,cavesin@gma1l.us,should
Jenna,Soto,JennaofSoto0,moconnor21@ma1lbox.net,visions
Christian,Bartlett,ChristianasBartlett48,iherman@b1zmail.org,library
Mother,Gibbs,MotheraGibbs4,warpcomputer@ma1lbox.org,computer
Vicki,Robbins,VickiinRobbins91,doout@yah00.co.uk,should
Destiny,Pacheco,DestinynoPacheco50,somy@gma1l.com,wicket
Tashia,Benton,TashiaaBenton95,peoplewhite@everyma1l.org,rabbit
Edward,Porter,EdwardtoPorter4,findhat97@hotma1l.biz,something
Lori,Moran,LorisoMoran6,bayala@ma1l2u.com,visions
Tyrone,Raymond,TyroneIRaymond5,so'neal@ma1lbox.com,sacrifice
Kristina,Byers,KristinainByers31,shipmany@everyma1l.biz,should
Gage,Hubbard,GageweHubbard6,dvalenzuela@gma1l.co.uk,secretly
Paul,Hunt,PaulitHunt1,tcarver@yah00.co.uk,library
Donnie,Miller,DonnieIMiller2,warpmany@ma1l2u.us,rabbit
Kathryn,Contreras,KathrynaContreras05,lguthrie@everyma1l.co.uk,probably
Jeannie,Serrano,JeannieaSerrano2,kingram56@b1zmail.us,interest
Kristin,Wall,KristinIWall6,outgood@everyma1l.com,through
Paige,Beach,PaigeaBeach3,pullvisions@hotma1l.com,sidekick
Tamara,Huffman,TamaraIHuffman78,shouldbadly80@gma1l.biz,sacrifice
Bruce,Tran,BruceITran8,openelse@gma1l.us,something
Noah,Wong,NoahaWong13,mpuckett@everyma1l.biz,sacrifice
Lisa,Moody,LisaofMoody8,inare@everyma1l.us,library
Marcus,Chen,MarcusweChen45,ofdied@ma1l2u.org,computer
Kendra,Vazquez,KendraaVazquez1,askedto@ma1l2u.net,rescue
Lindsay,McPherson,LindsayitMcPherson87,theycold@ma1lbox.com,should
Lloyd,Jarvis,LloydaJarvis12,illi53@gma1l.net,library
Wanda,Mayo,WandaaMayo0,hschmidt28@gma1l.net,sidekick
Shannon,Hogan,ShannonaHogan2,smoreno5@gma1l.biz,sacrifice
Destiny,Talley,DestinyaTalley75,acalhoun@ma1lbox.biz,interest
Renee,Hooper,ReneeinHooper21,vphelps@ma1l2u.com,something
Gregory,Velasquez,GregoryaVelasquez1,rmanning@gma1l.org,dreams
Janet,Gallagher,JanetIGallagher91,willisland14@somema1l.net,rescue
Dusty,Joyce,DustyIJoyce8,dgray73@ma1lbox.us,sacrifice
Eddie,Cain,EddieofCain43,wordsout@b1zmail.org,computer
Scott,Love,ScotttoLove11,cbarnett@ma1lbox.biz,captain
Eva,Hill,EvaaHill6,sacrificepeople11@b1zmail.biz,ending
Erika,Dejesus,ErikainDejesus80,whatwant@somema1l.net,visions
John,Sweeney,JohnisSweeney0,pmccullough@everyma1l.us,sacrifice
Ed,Velazquez,EdofVelazquez52,spage41@somema1l.us,should
Brandon,Bridges,BrandonIBridges61,sbridges@somema1l.net,sacrifice
Brooklyn,Woods,BrooklynsoWoods23,sillto@ma1lbox.net,visions
Shanda,Copeland,ShandaICopeland03,bchen@everyma1l.net,library
Duane,Pace,DuaneIPace5,myit@yah00.com,sacrifice
Cheyenne,Farrell,CheyenneaFarrell2,ldominguez@somema1l.org,visions
Dave,Gould,DaveIGould6,elsemonster@b1zmail.com,sacrifice
Vernon,Galloway,VernonIGalloway33,bdeleon@yah00.com,island
Matt,Bowman,MattinBowman50,discoveredsecretly@hotma1l.com,people
Monica,Bright,MonicaIBright36,roomwas@gma1l.us,something
Jane,Contreras,JaneitContreras73,jlane@hotma1l.net,always
Helen,Wiley,HelenIWiley2,aor@ma1lbox.co.uk,computer
Kris,Valdez,KrisofValdez0,pacosta@ma1l2u.net,visions
Samuel,Munoz,SamuelisMunoz7,wnewton@hotma1l.us,interest
Darla,Pugh,DarladoPugh29,sterrell@gma1l.com,demanded
Lindsay,Garrett,LindsayaGarrett1,jmassey@everyma1l.org,something
Kelly,Adams,KellyisAdams23,smueller@b1zmail.com,trying
Marsha,Page,MarshatoPage8,lhenry@everyma1l.us,visions
Randall,Carrillo,RandallaCarrillo26,constantlyas@ma1l2u.org,something
Alyssa,Gentry,AlyssaofGentry03,shepherda12@gma1l.co.uk,library
Denise,Galloway,DeniseaGalloway4,monsterwas8@ma1l2u.org,something
Johnathan,Galloway,JohnathandoGalloway65,tdurham27@ma1l2u.us,sacrifice
Robert,Turner,RobertinTurner5,eblevins@yah00.net,sacrifice
Timmy,McDaniel,TimmyaMcDaniel3,lcooper@yah00.net,visions
Dusty,Wilkinson,DustyaWilkinson82,shiproom@yah00.org,sacrifice
Cassandra,Allen,CassandraIAllen96,endending98@yah00.us,interest
Alisha,Stanton,AlishaIStanton15,lmontgomery@ma1l2u.co.uk,island
Vickie,Byers,VickieinByers1,islandlots20@ma1lbox.biz,visions
Dustin,Cantrell,DustinaCantrell26,lightworld@b1zmail.us,monster
Marilyn,Moon,MarilynofMoon99,nstark96@yah00.org,sacrifice
Betty,Stephenson,BettytoStephenson86,tdelacruz@yah00.biz,library
Nicholas,Gonzales,NicholasIGonzales52,msummers@ma1lbox.biz,library
Jordan,Blake,JordandoBlake9,dolost@hotma1l.net,interest
Jean,House,JeanaHouse2,theyor maybe57@everyma1l.com,rabbit
Ryan,Burris,RyandoBurris0,magnetichandled@everyma1l.us,sacrifice
Kendra,Vaughn,KendradoVaughn7,tedwards@hotma1l.net,generated
Jamie,Gardner,JamieisGardner0,onsidekick@somema1l.biz,interest
Julia,Glass,JuliaisGlass0,endssill29@b1zmail.com,wicket
Heidi,Sloan,HeidiISloan69,somethingfound@ma1l2u.co.uk,rabbit
Kaylee,Cline,KayleeinCline90,lightelse@yah00.biz,something
Mason,Casey,MasoninCasey52,mcole@everyma1l.co.uk,trying
Raymond,Beck,RaymondaBeck2,suspensehave@gma1l.us,visions
Roger,Vasquez,RogertoVasquez6,jconner@hotma1l.org,library
Diane,Knapp,DianesoKnapp1,hhodges@ma1lbox.co.uk,always
Frank,Nielsen,FrankINielsen63,smoore@everyma1l.net,library
Lewis,Wynn,LewisweWynn14,lrice@gma1l.com,captain
Shawn,Walter,ShawntoWalter2,whenvisions45@hotma1l.net,demanded
Jessie,McCarty,JessieinMcCarty10,dadopen@b1zmail.biz,library
Roger,Valdez,RogertoValdez4,kmurphy@ma1l2u.co.uk,visions
Ricky,Morrison,RickyIMorrison5,lightor@hotma1l.biz,island
Johnny,Collins,JohnnyaCollins5,againes@ma1lbox.co.uk,captain
Brianna,Fuller,BriannaaFuller2,keysbuild@gma1l.net,captain
Don,Powell,DonaPowell69,jharris85@somema1l.us,computer
Kelsey,Gutierrez,KelseysoGutierrez96,shepherdtelevision@ma1lbox.org,ending
Julie,Davenport,JulieweDavenport55,redheadphones@b1zmail.co.uk,sacrifice
Vernon,Foreman,VernonisForeman36,wleon19@somema1l.net,captain
Dustin,Conway,DustinonConway4,sillcaptain@ma1l2u.us,library
Ted,Delacruz,TedIDelacruz9,it'son38@everyma1l.biz,computer
Lindsay,Hamilton,LindsayaHamilton4,aheath@yah00.com,should
Haley,Farmer,HaleyIFarmer3,dballard69@yah00.com,secretly
Mitchell,Graves,MitchellinGraves31,ctrevino@gma1l.biz,demanded
Eva,Sims,EvaISims8,magneticwith@b1zmail.com,computer
Steven,Woodard,StevenIWoodard6,dayssecretly@ma1lbox.org,assert
Marty,Richmond,MartyaRichmond09,trichards@yah00.co.uk,computer
Mason,Holcomb,MasoninHolcomb91,kandrews@ma1l2u.org,something
Fred,Saunders,FredofSaunders1,areshould@ma1l2u.com,library
Shawn,Turner,ShawnaTurner6,mclay@ma1l2u.co.uk,visions
Leonard,Merrill,LeonarditMerrill64,numbersare@gma1l.biz,dreams
Pat,Bentley,PatitBentley77,gmolina@yah00.biz,something
Sheila,Crane,SheilaICrane2,epetty@ma1l2u.org,island
Shanda,Nielsen,ShandaINielsen2,eroberts@yah00.org,captain
Brian,Whitaker,BrianIWhitaker27,coldcold@hotma1l.net,computer
Hope,Lott,HopeweLott8,thaynes@ma1lbox.us,should
Dave,Norris,DavesoNorris5,probablyhad@hotma1l.biz,through
Kaitlyn,Patterson,KaitlynIPatterson6,elsewhere@somema1l.us,library
Jason,Floyd,JasonisFloyd20,alwaysas@everyma1l.org,ending
Chasity,Chang,ChasityonChang92,mwiley1@everyma1l.co.uk,sacrifice
Herbert,Gaines,HerbertaGaines9,sofacomputer@yah00.co.uk,something
Darrell,Cross,DarrellICross2,dbarry@ma1lbox.net,sacrifice
Rusty,Carlson,RustyaCarlson3,kguerrero@everyma1l.org,something
Kenneth,Foley,KennethtoFoley85,outfire@everyma1l.com,something
Kenny,Lester,KennyaLester09,webnumbers@b1zmail.com,library
Gage,Hewitt,GageaHewitt4,webdiscovered@everyma1l.biz,monster
Summer,Watts,SummertoWatts80,bhewitt@b1zmail.org,computer
Diana,Watson,DianaweWatson6,clara13@yah00.biz,visions
Veronica,Fry,VeronicaaFry9,computerroom@somema1l.org,secretly
Brittany,Davis,BrittanyisDavis6,dfrank@ma1l2u.co.uk,island
Gail,Flowers,GaildoFlowers9,dbond@everyma1l.com,sacrifice
Savannah,Garcia,SavannahaGarcia81,hottrying@somema1l.org,visions
Brooklyn,Mayer,BrooklynonMayer1,oreyes@ma1lbox.com,trying
Dillon,Nicholson,DillonisNicholson1,amorris@hotma1l.co.uk,visions
Cory,Palmer,CorytoPalmer1,wornwas@ma1l2u.biz,probably
Tracey,Logan,TraceyILogan99,jowens@b1zmail.biz,generated
Lloyd,Gonzales,LloydtoGonzales27,bmcneil70@ma1lbox.us,wicket
Tabitha,Murphy,TabithaweMurphy1,jberger@ma1lbox.biz,sacrifice
Diana,Buckley,DianaaBuckley0,mygenerated@ma1lbox.org,sacrifice
Amber,Chavez,AmberinChavez80,vstone@everyma1l.org,library
Sandra,Fisher,SandraIFisher11,smokemuch@b1zmail.co.uk,computer
Bradley,Kinney,BradleyaKinney09,camerescue63@everyma1l.com,visions
Roger,Oliver,RogertoOliver1,bo'neil@yah00.co.uk,assert
Kristina,Dickinson,KristinaaDickinson04,dpittman@yah00.net,sacrifice
Johnathan,Booker,JohnathanIBooker3,sodreams@everyma1l.us,secretly
Tim,Simon,TimaSimon4,sjames@ma1lbox.com,numbers
Norman,Witt,NormantoWitt4,leaderwhat@everyma1l.us,rescue
Kathleen,Mann,KathleenIMann0,bmoore90@yah00.org,sacrifice
Ken,Carey,KenorCarey11,ksellers16@hotma1l.com,computer
Kristy,Mullen,KristyaMullen6,sacrificeweb@hotma1l.us,library
Victor,Herring,VictorIHerring1,listlock55@hotma1l.com,through
Alan,Coffey,AlanICoffey56,nmays45@ma1l2u.co.uk,something
Kathleen,Hobbs,KathleenaHobbs63,buildsill@ma1l2u.us,interest
Joshua,Sims,JoshuaorSims6,toto@hotma1l.us,computer
Laken,Dillon,LakenaDillon0,brivers@gma1l.us,captain
Sally,Thompson,SallytoThompson82,hidshow@somema1l.biz,sacrifice
Joann,Head,JoannIHead5,areeves@yah00.biz,visions
Gregory,Lamb,GregoryILamb6,tolock@gma1l.net,numbers
Douglas,McCormick,DouglasaMcCormick46,throwdied@yah00.com,through
Catherine,Flowers,CatherineIFlowers70,daystrying87@somema1l.org,computer
Danny,Dorsey,DannyIDorsey79,tbarron@ma1lbox.org,something
Autumn,Hooper,AutumnaHooper62,textlist@everyma1l.co.uk,sidekick
Gloria,Bowen,GloriatoBowen5,sromero@gma1l.biz,sacrifice
Darrell,Lambert,DarrellaLambert7,inroom@gma1l.co.uk,captain
William,Salinas,WilliamsoSalinas07,achristensen@hotma1l.org,through
Unborn,Andrews,UnbornIAndrews9,generateddreams@b1zmail.biz,computer
Jeannie,McKnight,JeannieIMcKnight58,pjackson@everyma1l.us,should
Kathryn,Frye,KathrynIFrye1,jtalley@yah00.net,demanded
Kathryn,Hart,KathryntoHart5,mlyons@everyma1l.biz,sacrifice
Jennifer,Ramos,JennifertoRamos60,lunderwood@gma1l.co.uk,visions
April,McLean,ApriltoMcLean03,sgriffith78@ma1l2u.biz,library
Andrea,McPherson,AndreaaMcPherson43,worndo@ma1lbox.co.uk,sacrifice
Kendra,Mendez,KendraisMendez40,wantsomething@ma1lbox.org,sacrifice
Charlotte,Elliott,CharlotteaElliott35,dhewitt@everyma1l.biz,computer
Clifford,Dale,CliffordaDale4,withit@yah00.net,window
Samuel,Price,SamuelsoPrice99,ofshould@ma1l2u.biz,computer
Lois,McKee,LoisofMcKee35,jstokes@yah00.net,library
Hannah,Dominguez,HannahaDominguez0,redcrash@hotma1l.co.uk,rabbit
Dusty,Little,DustyILittle6,wasspeed@ma1lbox.com,should
Lewis,McDowell,LewisinMcDowell6,alwaysthrow@hotma1l.com,library
Jordan,Johnston,JordanaJohnston93,bmeyers@everyma1l.co.uk,library
Jenna,Harding,JennaisHarding38,islandkeys@hotma1l.net,library
Gage,Beasley,GageIBeasley69,cellison@ma1lbox.us,sacrifice
Chasity,Bryant,ChasityaBryant1,mcain@somema1l.co.uk,leader
Ellen,Randolph,EllenorRandolph44,buildcomputer@gma1l.org,computer
Francis,Hodges,FrancisIHodges4,amcguire@somema1l.com,computer
Tony,Noel,TonyisNoel4,lprince@ma1lbox.net,secretly
Elaine,Porter,ElaineisPorter35,econley@somema1l.co.uk,should
Isaac,Bullock,IsaacnoBullock5,tosill@yah00.org,captain
Larry,Dillard,LarrytoDillard2,magneticman@ma1l2u.org,sacrifice
Karen,Alvarez,KarenaAlvarez52,tooktext13@gma1l.co.uk,computer
Brett,Rowland,BrettdoRowland69,openwhile@yah00.org,visions
Toni,Rojas,ToniaRojas35,generatedwrite16@b1zmail.net,computer
Levi,Huff,LeviisHuff66,tmack21@somema1l.biz,library
Teresa,Park,TeresaIPark67,ndaniel@ma1lbox.net,ending
Brett,York,BrettIYork2,onboon@somema1l.biz,library
Julia,Decker,JulianoDecker31,bterry@b1zmail.net,numbers
Clara,Brady,ClaraitBrady16,bangingkeys21@everyma1l.biz,sacrifice
Joel,Perkins,JoelaPerkins0,openshow@hotma1l.net,sacrifice
Lawrence,Hamilton,LawrenceinHamilton98,tstewart@somema1l.co.uk,something
Daniel,Melton,DanielitMelton2,fhull@ma1l2u.co.uk,secretly
